window_size,seed,source_id,count,accuracy_percent
2048,44,tr_external_uz_dvbt_f482_r01,268,100.0
2048,44,tr_external_uz_dvbt_f482_r02,268,84.32835820895522
2048,44,tr_external_uz_dvbt_f482_r03,268,97.01492537313433
2048,44,tr_external_uz_dvbt_f482_r04,268,87.31343283582089
2048,44,tr_external_uz_dvbt_f482_r05,268,81.34328358208955
2048,44,tr_external_uz_dvbt_f482_r06,268,100.0
2048,44,tr_external_uz_dvbt_f482_r07,268,99.6268656716418
2048,44,tr_external_uz_dvbt_f482_r08,268,100.0
2048,44,tr_external_uz_dvbt_f482_r09,268,100.0
2048,44,tr_external_uz_dvbt_f482_r10,268,100.0
2048,45,tr_external_uz_dvbt_f482_r01,268,100.0
2048,45,tr_external_uz_dvbt_f482_r02,268,99.25373134328358
2048,45,tr_external_uz_dvbt_f482_r03,268,53.35820895522389
2048,45,tr_external_uz_dvbt_f482_r04,268,94.77611940298507
2048,45,tr_external_uz_dvbt_f482_r05,268,61.19402985074627
2048,45,tr_external_uz_dvbt_f482_r06,268,100.0
2048,45,tr_external_uz_dvbt_f482_r07,268,92.91044776119402
2048,45,tr_external_uz_dvbt_f482_r08,268,100.0
2048,45,tr_external_uz_dvbt_f482_r09,268,100.0
2048,45,tr_external_uz_dvbt_f482_r10,268,99.6268656716418
2048,46,tr_external_uz_dvbt_f482_r01,268,100.0
2048,46,tr_external_uz_dvbt_f482_r02,268,100.0
2048,46,tr_external_uz_dvbt_f482_r03,268,100.0
2048,46,tr_external_uz_dvbt_f482_r04,268,100.0
2048,46,tr_external_uz_dvbt_f482_r05,268,100.0
2048,46,tr_external_uz_dvbt_f482_r06,268,100.0
2048,46,tr_external_uz_dvbt_f482_r07,268,96.64179104477611
2048,46,tr_external_uz_dvbt_f482_r08,268,100.0
2048,46,tr_external_uz_dvbt_f482_r09,268,100.0
2048,46,tr_external_uz_dvbt_f482_r10,268,100.0
4096,44,tr_external_uz_dvbt_f482_r01,268,99.6268656716418
4096,44,tr_external_uz_dvbt_f482_r02,268,3.731343283582089
4096,44,tr_external_uz_dvbt_f482_r03,268,57.83582089552238
4096,44,tr_external_uz_dvbt_f482_r04,268,13.432835820895523
4096,44,tr_external_uz_dvbt_f482_r05,268,25.37313432835821
4096,44,tr_external_uz_dvbt_f482_r06,268,98.88059701492537
4096,44,tr_external_uz_dvbt_f482_r07,268,91.4179104477612
4096,44,tr_external_uz_dvbt_f482_r08,268,100.0
4096,44,tr_external_uz_dvbt_f482_r09,268,77.98507462686567
4096,44,tr_external_uz_dvbt_f482_r10,268,91.7910447761194
4096,45,tr_external_uz_dvbt_f482_r01,268,100.0
4096,45,tr_external_uz_dvbt_f482_r02,268,42.91044776119403
4096,45,tr_external_uz_dvbt_f482_r03,268,92.16417910447761
4096,45,tr_external_uz_dvbt_f482_r04,268,83.95522388059702
4096,45,tr_external_uz_dvbt_f482_r05,268,58.2089552238806
4096,45,tr_external_uz_dvbt_f482_r06,268,99.6268656716418
4096,45,tr_external_uz_dvbt_f482_r07,268,99.25373134328358
4096,45,tr_external_uz_dvbt_f482_r08,268,100.0
4096,45,tr_external_uz_dvbt_f482_r09,268,100.0
4096,45,tr_external_uz_dvbt_f482_r10,268,99.25373134328358
4096,46,tr_external_uz_dvbt_f482_r01,268,99.6268656716418
4096,46,tr_external_uz_dvbt_f482_r02,268,0.0
4096,46,tr_external_uz_dvbt_f482_r03,268,52.23880597014925
4096,46,tr_external_uz_dvbt_f482_r04,268,0.0
4096,46,tr_external_uz_dvbt_f482_r05,268,4.850746268656716
4096,46,tr_external_uz_dvbt_f482_r06,268,99.6268656716418
4096,46,tr_external_uz_dvbt_f482_r07,268,97.76119402985076
4096,46,tr_external_uz_dvbt_f482_r08,268,100.0
4096,46,tr_external_uz_dvbt_f482_r09,268,71.64179104477611
4096,46,tr_external_uz_dvbt_f482_r10,268,95.8955223880597
