source_id,class_name,region_count,baseline_accuracy_percent,gate_candidate_count,periodicity_resolved_count,changed_label_count,corrected_error_count,introduced_error_count,fused_accuracy_percent
tr_external_igent_dvbt_f482_r01,DVB-T,117,100.0,0,0,0,0,0,100.0
tr_external_igent_dvbt_f482_r02,DVB-T,268,100.0,0,0,0,0,0,100.0
tr_external_igent_dvbt_f482_r03,DVB-T,268,100.0,0,0,0,0,0,100.0
tr_external_igent_dvbt_f482_r04,DVB-T,268,100.0,0,0,0,0,0,100.0
tr_external_igent_dvbt_f482_r05,DVB-T,268,100.0,0,0,0,0,0,100.0
tr_external_igent_dvbt_f482_r06,DVB-T,268,100.0,0,0,0,0,0,100.0
tr_external_igent_dvbt_f482_r07,DVB-T,268,100.0,0,0,0,0,0,100.0
tr_external_igent_dvbt_f482_r08,DVB-T,268,100.0,0,0,0,0,0,100.0
tr_external_igent_dvbt_f482_r09,DVB-T,268,100.0,0,0,0,0,0,100.0
tr_external_igent_dvbt_f482_r10,DVB-T,268,100.0,0,0,0,0,0,100.0
tr_external_igent_lte_f806_r01,LTE,268,100.0,0,0,0,0,0,100.0
tr_external_igent_lte_f806_r02,LTE,268,100.0,5,3,0,0,0,100.0
tr_external_igent_lte_f806_r03,LTE,268,100.0,3,2,0,0,0,100.0
tr_external_igent_lte_f806_r04,LTE,268,100.0,0,0,0,0,0,100.0
tr_external_igent_lte_f806_r05,LTE,268,98.88059701492537,5,4,3,3,0,100.0
tr_external_igent_lte_f806_r06,LTE,268,100.0,0,0,0,0,0,100.0
tr_external_igent_lte_f806_r07,LTE,268,100.0,0,0,0,0,0,100.0
tr_external_igent_lte_f806_r08,LTE,268,100.0,8,6,0,0,0,100.0
tr_external_igent_lte_f806_r09,LTE,268,100.0,1,1,0,0,0,100.0
tr_external_igent_lte_f806_r10,LTE,268,100.0,1,1,0,0,0,100.0
tr_external_igent_wifi_f2412_r01,WiFi,268,100.0,0,0,0,0,0,100.0
tr_external_merelbeke_wifi_f5180_r01,WiFi,268,100.0,0,0,0,0,0,100.0
tr_external_merelbeke_wifi_f5180_r02,WiFi,268,100.0,0,0,0,0,0,100.0
tr_external_merelbeke_wifi_f5180_r03,WiFi,268,100.0,0,0,0,0,0,100.0
tr_external_uz_dvbt_f482_r01,DVB-T,268,100.0,0,0,0,0,0,100.0
tr_external_uz_dvbt_f482_r02,DVB-T,268,100.0,42,42,0,0,0,100.0
tr_external_uz_dvbt_f482_r03,DVB-T,268,98.88059701492537,125,125,3,3,0,100.0
tr_external_uz_dvbt_f482_r04,DVB-T,268,100.0,42,42,0,0,0,100.0
tr_external_uz_dvbt_f482_r05,DVB-T,268,99.25373134328358,135,135,2,2,0,100.0
tr_external_uz_dvbt_f482_r06,DVB-T,268,100.0,0,0,0,0,0,100.0
tr_external_uz_dvbt_f482_r07,DVB-T,268,98.50746268656717,13,13,2,2,0,99.25373134328358
tr_external_uz_dvbt_f482_r08,DVB-T,268,100.0,0,0,0,0,0,100.0
tr_external_uz_dvbt_f482_r09,DVB-T,268,100.0,0,0,0,0,0,100.0
tr_external_uz_dvbt_f482_r10,DVB-T,268,100.0,1,1,0,0,0,100.0
tr_external_uz_lte_f806_r01,LTE,268,100.0,0,0,0,0,0,100.0
tr_external_uz_lte_f806_r02,LTE,268,100.0,0,0,0,0,0,100.0
tr_external_uz_lte_f806_r03,LTE,268,100.0,0,0,0,0,0,100.0
tr_external_uz_lte_f806_r04,LTE,268,100.0,0,0,0,0,0,100.0
tr_external_uz_lte_f806_r05,LTE,268,100.0,0,0,0,0,0,100.0
tr_external_uz_lte_f806_r06,LTE,268,100.0,1,0,0,0,0,100.0
tr_external_uz_lte_f806_r07,LTE,268,100.0,0,0,0,0,0,100.0
tr_external_uz_lte_f806_r08,LTE,268,100.0,0,0,0,0,0,100.0
tr_external_uz_lte_f806_r09,LTE,268,100.0,0,0,0,0,0,100.0
tr_external_uz_lte_f806_r10,LTE,268,100.0,0,0,0,0,0,100.0
