condition_id,snr_db,trial_count,stage,full_accuracy_mean_percent,full_accuracy_std_percent,coverage_mean_percent,accepted_accuracy_mean_percent,accepted_error_count_mean
clean,,1,iq_member_1,98.73722188815394,0.0,100.0,98.73722188815394,147.0
clean,,1,iq_member_2,97.74074392234344,0.0,100.0,97.74074392234344,263.0
clean,,1,iq_member_3,99.78524181771326,0.0,100.0,99.78524181771326,25.0
clean,,1,iq_ensemble,99.89691607250236,0.0,100.0,99.89691607250236,12.0
clean,,1,iq_ensemble_plus_periodicity,99.98281934541706,0.0,100.0,99.98281934541706,2.0
clean,,1,iq_ensemble_plus_periodicity_with_reject,,,99.83678378146207,100.0,0.0
awgn_10_db,10.0,5,iq_member_1,99.36603384588953,0.03660729448099697,100.0,99.36603384588953,73.8
awgn_10_db,10.0,5,iq_member_2,98.97775105231509,0.06496923082617799,100.0,98.97775105231509,119.0
awgn_10_db,10.0,5,iq_member_3,99.74400824671419,0.015746330023040628,100.0,99.74400824671419,29.8
awgn_10_db,10.0,5,iq_ensemble,99.8316295850872,0.01285682462597683,100.0,99.8316295850872,19.6
awgn_10_db,10.0,5,iq_ensemble_plus_periodicity,99.90207026887724,0.013957629764858025,100.0,99.90207026887724,11.4
awgn_10_db,10.0,5,iq_ensemble_plus_periodicity_with_reject,,,99.7405721157976,99.95693693985011,5.0
awgn_7.5_db,7.5,5,iq_member_1,98.87294905935917,0.048411658117361,100.0,98.87294905935917,131.2
awgn_7.5_db,7.5,5,iq_member_2,99.42101194055493,0.04400394630999365,100.0,99.42101194055493,67.4
awgn_7.5_db,7.5,5,iq_member_3,99.62374366463362,0.022001973154996825,100.0,99.62374366463362,43.8
awgn_7.5_db,7.5,5,iq_ensemble,99.61687140280046,0.021458630696326732,100.0,99.61687140280046,44.6
awgn_7.5_db,7.5,5,iq_ensemble_plus_periodicity,99.73369985396444,0.018019222543946778,100.0,99.73369985396444,31.0
awgn_7.5_db,7.5,5,iq_ensemble_plus_periodicity_with_reject,,,99.48114423159522,99.87219682920318,14.8
awgn_5_db,5.0,5,iq_member_1,96.47796581049738,0.10576922238035537,100.0,96.47796581049738,410.0
awgn_5_db,5.0,5,iq_member_2,99.0035220341895,0.07873165011521027,100.0,99.0035220341895,116.0
awgn_5_db,5.0,5,iq_member_3,99.15127566360279,0.05524589018405114,100.0,99.15127566360279,98.8
awgn_5_db,5.0,5,iq_ensemble,98.77330126277812,0.018343919340318465,100.0,98.77330126277812,142.8
awgn_5_db,5.0,5,iq_ensemble_plus_periodicity,99.05678206339662,0.023304973741519585,100.0,99.05678206339662,109.8
awgn_5_db,5.0,5,iq_ensemble_plus_periodicity_with_reject,,,98.12730865045958,99.51328854467513,55.6
