fold,location,source_id,class_name,region_count,raw_binary_accuracy_percent,reliable_count,reliable_coverage_percent,reliable_accuracy_percent,wifi_counterfactual_reliable_percent
fold1,reep,tr_reep_dvbt_r01,DVB-T,268,100.0,268,100.0,100.0,
fold1,reep,tr_reep_dvbt_r02,DVB-T,268,100.0,268,100.0,100.0,
fold1,reep,tr_reep_dvbt_r03,DVB-T,268,100.0,267,99.6268656716418,100.0,
fold1,reep,tr_reep_dvbt_r04,DVB-T,268,100.0,268,100.0,100.0,
fold1,reep,tr_reep_dvbt_r05,DVB-T,268,100.0,268,100.0,100.0,
fold1,reep,tr_reep_dvbt_r06,DVB-T,268,100.0,268,100.0,100.0,
fold1,reep,tr_reep_dvbt_r07,DVB-T,268,100.0,268,100.0,100.0,
fold1,reep,tr_reep_dvbt_r08,DVB-T,268,100.0,268,100.0,100.0,
fold1,reep,tr_reep_dvbt_r09,DVB-T,268,100.0,268,100.0,100.0,
fold1,reep,tr_reep_dvbt_r10,DVB-T,268,100.0,268,100.0,100.0,
fold1,reep,tr_reep_lte_r01,LTE,268,98.88059701492537,110,41.04477611940298,100.0,
fold1,reep,tr_reep_lte_r02,LTE,268,98.50746268656717,110,41.04477611940298,100.0,
fold1,reep,tr_reep_lte_r03,LTE,268,97.38805970149254,102,38.059701492537314,100.0,
fold1,reep,tr_reep_lte_r04,LTE,268,99.25373134328358,123,45.8955223880597,100.0,
fold1,reep,tr_reep_lte_r05,LTE,268,98.13432835820896,98,36.56716417910448,100.0,
fold1,reep,tr_reep_lte_r06,LTE,268,98.50746268656717,107,39.92537313432836,100.0,
fold1,reep,tr_reep_lte_r07,LTE,268,97.76119402985076,93,34.701492537313435,100.0,
fold1,reep,tr_reep_lte_r08,LTE,268,97.38805970149254,97,36.19402985074627,100.0,
fold1,reep,tr_reep_lte_r09,LTE,268,98.13432835820896,91,33.95522388059702,100.0,
fold1,reep,tr_reep_lte_r10,LTE,268,95.8955223880597,111,41.417910447761194,100.0,
fold1,reep,tr_reep_wifi_r01,WiFi,268,,,,,13.432835820895523
fold1,reep,tr_reep_wifi_r02,WiFi,268,,,,,10.820895522388058
fold1,reep,tr_reep_wifi_r03,WiFi,268,,,,,13.805970149253731
fold1,reep,tr_reep_wifi_r04,WiFi,268,,,,,14.925373134328357
fold1,reep,tr_reep_wifi_r05,WiFi,268,,,,,12.313432835820896
fold1,reep,tr_reep_wifi_r06,WiFi,268,,,,,39.55223880597015
fold1,reep,tr_reep_wifi_r07,WiFi,268,,,,,23.88059701492537
fold1,reep,tr_reep_wifi_r08,WiFi,268,,,,,11.194029850746269
fold1,reep,tr_reep_wifi_r09,WiFi,268,,,,,13.805970149253731
fold1,reep,tr_reep_wifi_r10,WiFi,268,,,,,13.059701492537313
fold2,rabot,tr_rabot_dvbt_r01,DVB-T,268,100.0,268,100.0,100.0,
fold2,rabot,tr_rabot_dvbt_r02,DVB-T,268,100.0,268,100.0,100.0,
fold2,rabot,tr_rabot_dvbt_r03,DVB-T,268,100.0,268,100.0,100.0,
fold2,rabot,tr_rabot_dvbt_r04,DVB-T,268,100.0,268,100.0,100.0,
fold2,rabot,tr_rabot_dvbt_r05,DVB-T,268,98.13432835820896,261,97.38805970149254,99.61685823754789,
fold2,rabot,tr_rabot_dvbt_r06,DVB-T,268,100.0,268,100.0,100.0,
fold2,rabot,tr_rabot_dvbt_r07,DVB-T,268,100.0,268,100.0,100.0,
fold2,rabot,tr_rabot_dvbt_r08,DVB-T,268,100.0,268,100.0,100.0,
fold2,rabot,tr_rabot_dvbt_r09,DVB-T,268,100.0,268,100.0,100.0,
fold2,rabot,tr_rabot_dvbt_r10,DVB-T,268,100.0,268,100.0,100.0,
fold2,rabot,tr_rabot_lte_r01,LTE,268,92.91044776119402,30,11.194029850746269,100.0,
fold2,rabot,tr_rabot_lte_r02,LTE,268,97.38805970149254,44,16.417910447761194,100.0,
fold2,rabot,tr_rabot_lte_r03,LTE,268,96.64179104477611,60,22.388059701492537,100.0,
fold2,rabot,tr_rabot_lte_r04,LTE,268,97.38805970149254,57,21.26865671641791,100.0,
fold2,rabot,tr_rabot_lte_r05,LTE,268,95.8955223880597,38,14.17910447761194,100.0,
fold2,rabot,tr_rabot_lte_r06,LTE,268,89.17910447761194,60,22.388059701492537,100.0,
fold2,rabot,tr_rabot_lte_r07,LTE,268,96.64179104477611,50,18.65671641791045,100.0,
fold2,rabot,tr_rabot_lte_r08,LTE,268,94.02985074626866,51,19.029850746268657,100.0,
fold2,rabot,tr_rabot_lte_r09,LTE,268,95.8955223880597,51,19.029850746268657,100.0,
fold2,rabot,tr_rabot_lte_r10,LTE,268,95.8955223880597,38,14.17910447761194,100.0,
fold2,rabot,tr_rabot_wifi_r01,WiFi,268,,,,,16.044776119402986
fold2,rabot,tr_rabot_wifi_r02,WiFi,268,,,,,15.298507462686567
fold2,rabot,tr_rabot_wifi_r03,WiFi,268,,,,,14.55223880597015
fold2,rabot,tr_rabot_wifi_r04,WiFi,268,,,,,17.91044776119403
fold2,rabot,tr_rabot_wifi_r05,WiFi,268,,,,,14.925373134328357
fold2,rabot,tr_rabot_wifi_r06,WiFi,268,,,,,16.417910447761194
fold2,rabot,tr_rabot_wifi_r07,WiFi,268,,,,,14.925373134328357
fold2,rabot,tr_rabot_wifi_r08,WiFi,268,,,,,16.044776119402986
fold2,rabot,tr_rabot_wifi_r09,WiFi,268,,,,,13.805970149253731
fold2,rabot,tr_rabot_wifi_r10,WiFi,268,,,,,13.432835820895523
fold3,merelbeke,tr_merelbeke_dvbt_r01,DVB-T,268,100.0,268,100.0,100.0,
fold3,merelbeke,tr_merelbeke_dvbt_r02,DVB-T,268,100.0,268,100.0,100.0,
fold3,merelbeke,tr_merelbeke_dvbt_r03,DVB-T,268,100.0,268,100.0,100.0,
fold3,merelbeke,tr_merelbeke_dvbt_r04,DVB-T,268,100.0,268,100.0,100.0,
fold3,merelbeke,tr_merelbeke_dvbt_r05,DVB-T,268,100.0,268,100.0,100.0,
fold3,merelbeke,tr_merelbeke_dvbt_r06,DVB-T,268,100.0,268,100.0,100.0,
fold3,merelbeke,tr_merelbeke_dvbt_r07,DVB-T,268,100.0,268,100.0,100.0,
fold3,merelbeke,tr_merelbeke_dvbt_r08,DVB-T,268,100.0,268,100.0,100.0,
fold3,merelbeke,tr_merelbeke_dvbt_r09,DVB-T,268,100.0,268,100.0,100.0,
fold3,merelbeke,tr_merelbeke_dvbt_r10,DVB-T,268,100.0,268,100.0,100.0,
fold3,merelbeke,tr_merelbeke_lte_r01,LTE,268,96.26865671641791,162,60.44776119402985,100.0,
fold3,merelbeke,tr_merelbeke_lte_r02,LTE,268,97.01492537313433,157,58.582089552238806,100.0,
fold3,merelbeke,tr_merelbeke_lte_r03,LTE,268,97.38805970149254,166,61.940298507462686,100.0,
fold3,merelbeke,tr_merelbeke_lte_r04,LTE,268,98.50746268656717,180,67.16417910447761,100.0,
fold3,merelbeke,tr_merelbeke_lte_r05,LTE,268,97.01492537313433,151,56.343283582089555,100.0,
fold3,merelbeke,tr_merelbeke_lte_r06,LTE,268,97.38805970149254,178,66.41791044776119,100.0,
fold3,merelbeke,tr_merelbeke_lte_r07,LTE,268,96.26865671641791,162,60.44776119402985,100.0,
fold3,merelbeke,tr_merelbeke_lte_r08,LTE,268,98.50746268656717,168,62.6865671641791,100.0,
fold3,merelbeke,tr_merelbeke_lte_r09,LTE,268,96.26865671641791,166,61.940298507462686,100.0,
fold3,merelbeke,tr_merelbeke_lte_r10,LTE,268,96.64179104477611,159,59.32835820895522,99.37106918238993,
fold3,merelbeke,tr_merelbeke_wifi_r01,WiFi,268,,,,,60.447761194029844
fold3,merelbeke,tr_merelbeke_wifi_r02,WiFi,268,,,,,57.46268656716418
fold3,merelbeke,tr_merelbeke_wifi_r03,WiFi,268,,,,,56.343283582089555
fold3,merelbeke,tr_merelbeke_wifi_r04,WiFi,268,,,,,58.2089552238806
fold3,merelbeke,tr_merelbeke_wifi_r05,WiFi,268,,,,,58.95522388059702
fold3,merelbeke,tr_merelbeke_wifi_r06,WiFi,268,,,,,55.223880597014926
fold3,merelbeke,tr_merelbeke_wifi_r07,WiFi,268,,,,,58.582089552238806
fold3,merelbeke,tr_merelbeke_wifi_r08,WiFi,268,,,,,52.98507462686567
fold3,merelbeke,tr_merelbeke_wifi_r09,WiFi,268,,,,,58.582089552238806
fold3,merelbeke,tr_merelbeke_wifi_r10,WiFi,268,,,,,60.447761194029844
fold4,gentbrugge,tr_gentbrugge_dvbt_r01,DVB-T,268,100.0,268,100.0,100.0,
fold4,gentbrugge,tr_gentbrugge_dvbt_r02,DVB-T,268,100.0,268,100.0,100.0,
fold4,gentbrugge,tr_gentbrugge_dvbt_r03,DVB-T,268,100.0,268,100.0,100.0,
fold4,gentbrugge,tr_gentbrugge_dvbt_r04,DVB-T,268,100.0,268,100.0,100.0,
fold4,gentbrugge,tr_gentbrugge_dvbt_r05,DVB-T,268,100.0,268,100.0,100.0,
fold4,gentbrugge,tr_gentbrugge_dvbt_r06,DVB-T,268,100.0,268,100.0,100.0,
fold4,gentbrugge,tr_gentbrugge_dvbt_r07,DVB-T,268,100.0,268,100.0,100.0,
fold4,gentbrugge,tr_gentbrugge_dvbt_r08,DVB-T,268,100.0,268,100.0,100.0,
fold4,gentbrugge,tr_gentbrugge_dvbt_r09,DVB-T,268,100.0,268,100.0,100.0,
fold4,gentbrugge,tr_gentbrugge_dvbt_r10,DVB-T,268,100.0,268,100.0,100.0,
fold4,gentbrugge,tr_gentbrugge_lte_r01,LTE,268,95.1492537313433,115,42.91044776119403,100.0,
fold4,gentbrugge,tr_gentbrugge_lte_r02,LTE,268,89.17910447761194,104,38.80597014925373,99.03846153846153,
fold4,gentbrugge,tr_gentbrugge_lte_r03,LTE,268,91.04477611940298,109,40.67164179104478,100.0,
fold4,gentbrugge,tr_gentbrugge_lte_r04,LTE,268,91.4179104477612,103,38.43283582089552,100.0,
fold4,gentbrugge,tr_gentbrugge_lte_r05,LTE,268,94.40298507462687,124,46.26865671641791,100.0,
fold4,gentbrugge,tr_gentbrugge_lte_r06,LTE,268,92.53731343283582,102,38.059701492537314,100.0,
fold4,gentbrugge,tr_gentbrugge_lte_r07,LTE,268,93.28358208955224,118,44.02985074626866,100.0,
fold4,gentbrugge,tr_gentbrugge_lte_r08,LTE,268,89.92537313432835,96,35.82089552238806,100.0,
fold4,gentbrugge,tr_gentbrugge_lte_r09,LTE,268,86.94029850746269,99,36.940298507462686,100.0,
fold4,gentbrugge,tr_gentbrugge_lte_r10,LTE,268,92.53731343283582,114,42.53731343283582,100.0,
fold4,gentbrugge,tr_gentbrugge_wifi_r01,WiFi,268,,,,,45.52238805970149
fold4,gentbrugge,tr_gentbrugge_wifi_r02,WiFi,268,,,,,39.55223880597015
fold4,gentbrugge,tr_gentbrugge_wifi_r03,WiFi,268,,,,,44.02985074626866
fold4,gentbrugge,tr_gentbrugge_wifi_r04,WiFi,268,,,,,45.149253731343286
fold4,gentbrugge,tr_gentbrugge_wifi_r05,WiFi,268,,,,,39.17910447761194
fold4,gentbrugge,tr_gentbrugge_wifi_r06,WiFi,268,,,,,39.92537313432835
fold4,gentbrugge,tr_gentbrugge_wifi_r07,WiFi,268,,,,,41.417910447761194
fold4,gentbrugge,tr_gentbrugge_wifi_r08,WiFi,268,,,,,44.40298507462687
fold4,gentbrugge,tr_gentbrugge_wifi_r09,WiFi,268,,,,,40.67164179104478
fold4,gentbrugge,tr_gentbrugge_wifi_r10,WiFi,268,,,,,40.67164179104478
