condition,snr_db,trial_index,seed,window_accuracy_percent,group_accuracy_percent,window_mean_confidence,achieved_snr_db_mean,achieved_snr_db_std,window_accuracy_LTE_percent,window_accuracy_WiFi_percent,window_accuracy_DVB-T_percent
clean,,0,,99.5575981444893,99.78524181771326,0.9943335077374695,,,99.42164179104478,100.0,99.60645037435208
added_awgn,10.0,0,44,99.433038398763,99.74229018125591,0.9934801356792552,10.0,9.706774749793808e-16,98.87126865671641,100.0,99.89441351507007
added_awgn,10.0,1,45,99.3600206167855,99.75088050854738,0.9935382943827307,10.0,9.710264763479296e-16,98.77798507462686,100.0,99.8272221155692
added_awgn,10.0,2,46,99.42874323511725,99.77665149042178,0.9932643715745036,10.0,9.634599209640025e-16,98.91791044776119,100.0,99.83682088692647
added_awgn,10.0,3,47,99.3857915986599,99.76806116313031,0.9933445929607957,10.0,9.657080440052624e-16,98.8339552238806,100.0,99.8272221155692
added_awgn,10.0,4,48,99.433038398763,99.78524181771326,0.9936295665641204,10.0,9.634599209640025e-16,98.89925373134328,100.0,99.86561720099827
added_awgn,7.5,0,44,99.13237694356155,99.61343527188386,0.9917722915957426,7.5,7.111271245254166e-16,98.18097014925374,100.0,99.93280860049913
added_awgn,7.5,1,45,99.12378661627008,99.6563869083412,0.9916922155268136,7.5,7.185451444059321e-16,98.18097014925374,100.0,99.9136110577846
added_awgn,7.5,2,46,99.14955759814448,99.62202559917532,0.9913802641999854,7.5,7.196053456972669e-16,98.23694029850746,100.0,99.9136110577846
added_awgn,7.5,3,47,99.11090112533287,99.64779658104975,0.9914335323682142,7.5,7.132204985245703e-16,98.17164179104478,100.0,99.89441351507007
added_awgn,7.5,4,48,99.15385276179023,99.6563869083412,0.9917826644347282,7.5,7.132442515593469e-16,98.24626865671642,100.0,99.9136110577846
added_awgn,5.0,0,44,98.24327806889443,99.27841250751653,0.9865125091243226,5.0,6.108894295341673e-16,96.23134328358209,100.0,99.95200614321367
added_awgn,5.0,1,45,98.14448930504253,99.21828021647624,0.9868557666144454,5.0,6.032428943708066e-16,96.02611940298507,100.0,99.9424073718564
added_awgn,5.0,2,46,98.12301348681385,99.24405119835066,0.9863115328456639,5.0,6.098346875814417e-16,95.98880597014924,99.95335820895522,99.9424073718564
added_awgn,5.0,3,47,98.19603126879134,99.1753285800189,0.9868712974338636,5.0,6.073850952218908e-16,96.13805970149254,100.0,99.9424073718564
added_awgn,5.0,4,48,98.22180225066575,99.24405119835066,0.9868017869717722,5.0,6.108062266514078e-16,96.20335820895522,100.0,99.93280860049913
