source_id,region_count,accuracy_512_percent,accuracy_1024_percent,accuracy_2048_percent,accuracy_4096_percent
tr_external_uz_dvbt_f482_r01,268,99.6268656716418,100.0,100.0,99.6268656716418
tr_external_uz_dvbt_f482_r02,268,0.0,12.686567164179104,84.32835820895522,3.731343283582089
tr_external_uz_dvbt_f482_r03,268,0.0,25.0,97.01492537313433,57.83582089552238
tr_external_uz_dvbt_f482_r04,268,20.8955223880597,66.7910447761194,87.31343283582089,13.432835820895523
tr_external_uz_dvbt_f482_r05,268,0.0,3.3582089552238807,81.34328358208955,25.37313432835821
tr_external_uz_dvbt_f482_r06,268,0.0,98.50746268656717,100.0,98.88059701492537
tr_external_uz_dvbt_f482_r07,268,60.07462686567165,75.0,99.6268656716418,91.4179104477612
tr_external_uz_dvbt_f482_r08,268,100.0,100.0,100.0,100.0
tr_external_uz_dvbt_f482_r09,268,97.38805970149254,100.0,100.0,77.98507462686567
tr_external_uz_dvbt_f482_r10,268,1.4925373134328357,92.53731343283582,100.0,91.7910447761194
