feature_model,iq_seed,feature_accuracy_percent,iq_accuracy_percent,feature_only_correct,iq_only_correct,both_wrong,oracle_accuracy_percent,oracle_gain_over_iq_percent_points
linear_existing,44,62.21590909090909,97.44318181818183,0,124,9,97.44318181818183,0.0
linear_existing,45,62.21590909090909,97.1590909090909,0,123,10,97.1590909090909,0.0
linear_existing,46,62.21590909090909,100.0,0,133,0,100.0,0.0
mlp_seed44,44,64.20454545454545,97.44318181818183,0,117,9,97.44318181818183,0.0
mlp_seed44,45,64.20454545454545,97.1590909090909,0,116,10,97.1590909090909,0.0
mlp_seed44,46,64.20454545454545,100.0,0,126,0,100.0,0.0
mlp_seed45,44,63.63636363636363,97.44318181818183,0,119,9,97.44318181818183,0.0
mlp_seed45,45,63.63636363636363,97.1590909090909,0,118,10,97.1590909090909,0.0
mlp_seed45,46,63.63636363636363,100.0,0,128,0,100.0,0.0
mlp_seed46,44,64.20454545454545,97.44318181818183,0,117,9,97.44318181818183,0.0
mlp_seed46,45,64.20454545454545,97.1590909090909,0,116,10,97.1590909090909,0.0
mlp_seed46,46,64.20454545454545,100.0,0,126,0,100.0,0.0
