snr_db,noise_seed,achieved_snr_db_mean,achieved_snr_db_std,baseline_accuracy_percent,baseline_error_count,fused_accuracy_percent,fused_error_count,member_disagreement_count,lte_dvbt_gate_candidate_count,periodicity_resolved_count,changed_label_count,corrected_error_count,introduced_error_count,net_correction_count,review_required_count,accepted_accuracy_percent
2.5,44,2.5,9.04639642188068e-16,93.63456747702088,741,94.37333562408728,655,1276,1273,293,86,86,0,86,983,96.97879527115782
2.5,45,2.5,9.008487903756262e-16,93.95240958680526,704,94.66540675199725,621,1289,1287,307,85,84,1,83,982,97.23238577727741
2.5,46,2.5,9.03824638694719e-16,93.54866420410617,751,94.5107808607508,639,1284,1281,328,112,112,0,112,956,97.06130088909687
2.5,47,2.5,8.976743730677924e-16,93.70329009535263,733,94.50219053345933,640,1303,1299,309,93,93,0,93,994,96.99445853292008
2.5,48,2.5,9.02539750445769e-16,93.62597714972941,742,94.5107808607508,639,1279,1276,320,105,104,1,103,959,96.98558322411533
0.0,44,5.633044216615706e-17,7.177694207742855e-16,75.83540932909544,2813,76.76316467657418,2705,2569,2563,260,118,113,5,108,2309,82.31890270038576
0.0,45,5.471508389815696e-17,7.176856940262694e-16,75.68078343784899,2831,76.52263551241302,2733,2563,2559,244,112,105,7,98,2319,81.91375241364514
0.0,46,5.666179770831093e-17,7.142567903105911e-16,75.60347049222575,2840,76.4710935486642,2739,2508,2502,236,109,105,4,101,2272,82.05785035756217
0.0,47,5.782154210584946e-17,7.084080041183381e-16,75.6206511468087,2838,76.48827420324714,2737,2495,2489,232,107,104,3,101,2263,81.94711025805076
0.0,48,4.324189825107937e-17,7.112184680980287e-16,75.48320591014517,2854,76.32505798470922,2756,2569,2563,266,114,106,8,98,2303,81.98757763975155
