source_id,region_count,individual_512_window_accuracy_percent,mean_probability_512_region_accuracy_percent,direct_4096_region_accuracy_percent,only_512_correct_count,only_4096_correct_count,both_wrong_count,mean_dvbt_window_count
tr_external_uz_dvbt_f482_r01,268,94.35634328358209,99.6268656716418,99.6268656716418,1,1,0,7.548507462686567
tr_external_uz_dvbt_f482_r02,268,0.0,0.0,3.731343283582089,0,10,258,0.0
tr_external_uz_dvbt_f482_r03,268,0.0,0.0,57.83582089552238,0,155,113,0.0
tr_external_uz_dvbt_f482_r04,268,20.988805970149254,20.8955223880597,13.432835820895523,48,28,184,1.6791044776119404
tr_external_uz_dvbt_f482_r05,268,0.09328358208955223,0.0,25.37313432835821,0,68,200,0.007462686567164179
tr_external_uz_dvbt_f482_r06,268,0.046641791044776115,0.0,98.88059701492537,0,265,3,0.0037313432835820895
tr_external_uz_dvbt_f482_r07,268,55.73694029850746,60.07462686567165,91.4179104477612,0,84,23,4.458955223880597
tr_external_uz_dvbt_f482_r08,268,95.8955223880597,100.0,100.0,0,0,0,7.6716417910447765
tr_external_uz_dvbt_f482_r09,268,97.20149253731343,97.38805970149254,77.98507462686567,54,2,5,7.776119402985074
tr_external_uz_dvbt_f482_r10,268,2.192164179104478,1.4925373134328357,91.7910447761194,2,244,20,0.17537313432835822
