window_size,scope,fold,test_location,condition,snr_db,state_bin,class_name,unique_region_count,trial_count,evaluation_count,correct_count,accuracy_percent
512,fold,fold1,reep,clean,,stable_le_1_db,ALL,489,1,489,489,100.0
512,fold,fold1,reep,clean,,stable_le_1_db,DVB-T,318,1,318,318,100.0
512,fold,fold1,reep,clean,,stable_le_1_db,WiFi,171,1,171,171,100.0
512,fold,fold1,reep,clean,,moderate_1_to_3_db,ALL,89,1,89,87,97.75280898876404
512,fold,fold1,reep,clean,,moderate_1_to_3_db,DVB-T,2,1,2,2,100.0
512,fold,fold1,reep,clean,,moderate_1_to_3_db,LTE,4,1,4,2,50.0
512,fold,fold1,reep,clean,,moderate_1_to_3_db,WiFi,83,1,83,83,100.0
512,fold,fold1,reep,clean,,variable_3_to_6_db,ALL,59,1,59,58,98.30508474576271
512,fold,fold1,reep,clean,,variable_3_to_6_db,LTE,38,1,38,38,100.0
512,fold,fold1,reep,clean,,variable_3_to_6_db,WiFi,21,1,21,20,95.23809523809523
512,fold,fold1,reep,clean,,highly_variable_gt_6_db,ALL,323,1,323,322,99.69040247678018
512,fold,fold1,reep,clean,,highly_variable_gt_6_db,LTE,278,1,278,278,100.0
512,fold,fold1,reep,clean,,highly_variable_gt_6_db,WiFi,45,1,45,44,97.77777777777777
512,fold,fold1,reep,10_db,10.0,stable_le_1_db,ALL,489,5,2445,2420,98.97750511247445
512,fold,fold1,reep,10_db,10.0,stable_le_1_db,DVB-T,318,5,1590,1590,100.0
512,fold,fold1,reep,10_db,10.0,stable_le_1_db,WiFi,171,5,855,830,97.07602339181285
512,fold,fold1,reep,10_db,10.0,moderate_1_to_3_db,ALL,89,5,445,421,94.6067415730337
512,fold,fold1,reep,10_db,10.0,moderate_1_to_3_db,DVB-T,2,5,10,10,100.0
512,fold,fold1,reep,10_db,10.0,moderate_1_to_3_db,LTE,4,5,20,10,50.0
512,fold,fold1,reep,10_db,10.0,moderate_1_to_3_db,WiFi,83,5,415,401,96.62650602409639
512,fold,fold1,reep,10_db,10.0,variable_3_to_6_db,ALL,59,5,295,285,96.61016949152543
512,fold,fold1,reep,10_db,10.0,variable_3_to_6_db,LTE,38,5,190,190,100.0
512,fold,fold1,reep,10_db,10.0,variable_3_to_6_db,WiFi,21,5,105,95,90.47619047619048
512,fold,fold1,reep,10_db,10.0,highly_variable_gt_6_db,ALL,323,5,1615,1603,99.25696594427245
512,fold,fold1,reep,10_db,10.0,highly_variable_gt_6_db,LTE,278,5,1390,1389,99.92805755395683
512,fold,fold1,reep,10_db,10.0,highly_variable_gt_6_db,WiFi,45,5,225,214,95.11111111111111
512,fold,fold1,reep,7_5_db,7.5,stable_le_1_db,ALL,489,5,2445,2388,97.66871165644172
512,fold,fold1,reep,7_5_db,7.5,stable_le_1_db,DVB-T,318,5,1590,1590,100.0
512,fold,fold1,reep,7_5_db,7.5,stable_le_1_db,WiFi,171,5,855,798,93.33333333333333
512,fold,fold1,reep,7_5_db,7.5,moderate_1_to_3_db,ALL,89,5,445,392,88.08988764044943
512,fold,fold1,reep,7_5_db,7.5,moderate_1_to_3_db,DVB-T,2,5,10,10,100.0
512,fold,fold1,reep,7_5_db,7.5,moderate_1_to_3_db,LTE,4,5,20,10,50.0
512,fold,fold1,reep,7_5_db,7.5,moderate_1_to_3_db,WiFi,83,5,415,372,89.63855421686748
512,fold,fold1,reep,7_5_db,7.5,variable_3_to_6_db,ALL,59,5,295,280,94.91525423728814
512,fold,fold1,reep,7_5_db,7.5,variable_3_to_6_db,LTE,38,5,190,190,100.0
512,fold,fold1,reep,7_5_db,7.5,variable_3_to_6_db,WiFi,21,5,105,90,85.71428571428571
512,fold,fold1,reep,7_5_db,7.5,highly_variable_gt_6_db,ALL,323,5,1615,1584,98.08049535603716
512,fold,fold1,reep,7_5_db,7.5,highly_variable_gt_6_db,LTE,278,5,1390,1388,99.85611510791367
512,fold,fold1,reep,7_5_db,7.5,highly_variable_gt_6_db,WiFi,45,5,225,196,87.1111111111111
512,fold,fold1,reep,5_db,5.0,stable_le_1_db,ALL,489,5,2445,2281,93.29243353783231
512,fold,fold1,reep,5_db,5.0,stable_le_1_db,DVB-T,318,5,1590,1590,100.0
512,fold,fold1,reep,5_db,5.0,stable_le_1_db,WiFi,171,5,855,691,80.8187134502924
512,fold,fold1,reep,5_db,5.0,moderate_1_to_3_db,ALL,89,5,445,336,75.50561797752809
512,fold,fold1,reep,5_db,5.0,moderate_1_to_3_db,DVB-T,2,5,10,10,100.0
512,fold,fold1,reep,5_db,5.0,moderate_1_to_3_db,LTE,4,5,20,10,50.0
512,fold,fold1,reep,5_db,5.0,moderate_1_to_3_db,WiFi,83,5,415,316,76.144578313253
512,fold,fold1,reep,5_db,5.0,variable_3_to_6_db,ALL,59,5,295,258,87.45762711864407
512,fold,fold1,reep,5_db,5.0,variable_3_to_6_db,LTE,38,5,190,190,100.0
512,fold,fold1,reep,5_db,5.0,variable_3_to_6_db,WiFi,21,5,105,68,64.76190476190476
512,fold,fold1,reep,5_db,5.0,highly_variable_gt_6_db,ALL,323,5,1615,1546,95.72755417956657
512,fold,fold1,reep,5_db,5.0,highly_variable_gt_6_db,LTE,278,5,1390,1382,99.42446043165467
512,fold,fold1,reep,5_db,5.0,highly_variable_gt_6_db,WiFi,45,5,225,164,72.88888888888889
512,fold,fold2,rabot,clean,,stable_le_1_db,ALL,564,1,564,564,100.0
512,fold,fold2,rabot,clean,,stable_le_1_db,DVB-T,319,1,319,319,100.0
512,fold,fold2,rabot,clean,,stable_le_1_db,LTE,10,1,10,10,100.0
512,fold,fold2,rabot,clean,,stable_le_1_db,WiFi,235,1,235,235,100.0
512,fold,fold2,rabot,clean,,moderate_1_to_3_db,ALL,68,1,68,68,100.0
512,fold,fold2,rabot,clean,,moderate_1_to_3_db,LTE,26,1,26,26,100.0
512,fold,fold2,rabot,clean,,moderate_1_to_3_db,WiFi,42,1,42,42,100.0
512,fold,fold2,rabot,clean,,variable_3_to_6_db,ALL,27,1,27,27,100.0
512,fold,fold2,rabot,clean,,variable_3_to_6_db,LTE,13,1,13,13,100.0
512,fold,fold2,rabot,clean,,variable_3_to_6_db,WiFi,14,1,14,14,100.0
512,fold,fold2,rabot,clean,,highly_variable_gt_6_db,ALL,301,1,301,299,99.33554817275747
512,fold,fold2,rabot,clean,,highly_variable_gt_6_db,DVB-T,1,1,1,1,100.0
512,fold,fold2,rabot,clean,,highly_variable_gt_6_db,LTE,271,1,271,271,100.0
512,fold,fold2,rabot,clean,,highly_variable_gt_6_db,WiFi,29,1,29,27,93.10344827586206
512,fold,fold2,rabot,10_db,10.0,stable_le_1_db,ALL,564,5,2820,2817,99.8936170212766
512,fold,fold2,rabot,10_db,10.0,stable_le_1_db,DVB-T,319,5,1595,1595,100.0
512,fold,fold2,rabot,10_db,10.0,stable_le_1_db,LTE,10,5,50,50,100.0
512,fold,fold2,rabot,10_db,10.0,stable_le_1_db,WiFi,235,5,1175,1172,99.74468085106383
512,fold,fold2,rabot,10_db,10.0,moderate_1_to_3_db,ALL,68,5,340,340,100.0
512,fold,fold2,rabot,10_db,10.0,moderate_1_to_3_db,LTE,26,5,130,130,100.0
512,fold,fold2,rabot,10_db,10.0,moderate_1_to_3_db,WiFi,42,5,210,210,100.0
512,fold,fold2,rabot,10_db,10.0,variable_3_to_6_db,ALL,27,5,135,135,100.0
512,fold,fold2,rabot,10_db,10.0,variable_3_to_6_db,LTE,13,5,65,65,100.0
512,fold,fold2,rabot,10_db,10.0,variable_3_to_6_db,WiFi,14,5,70,70,100.0
512,fold,fold2,rabot,10_db,10.0,highly_variable_gt_6_db,ALL,301,5,1505,1495,99.33554817275747
512,fold,fold2,rabot,10_db,10.0,highly_variable_gt_6_db,DVB-T,1,5,5,5,100.0
512,fold,fold2,rabot,10_db,10.0,highly_variable_gt_6_db,LTE,271,5,1355,1355,100.0
512,fold,fold2,rabot,10_db,10.0,highly_variable_gt_6_db,WiFi,29,5,145,135,93.10344827586206
512,fold,fold2,rabot,7_5_db,7.5,stable_le_1_db,ALL,564,5,2820,2813,99.7517730496454
512,fold,fold2,rabot,7_5_db,7.5,stable_le_1_db,DVB-T,319,5,1595,1595,100.0
512,fold,fold2,rabot,7_5_db,7.5,stable_le_1_db,LTE,10,5,50,50,100.0
512,fold,fold2,rabot,7_5_db,7.5,stable_le_1_db,WiFi,235,5,1175,1168,99.40425531914894
512,fold,fold2,rabot,7_5_db,7.5,moderate_1_to_3_db,ALL,68,5,340,340,100.0
512,fold,fold2,rabot,7_5_db,7.5,moderate_1_to_3_db,LTE,26,5,130,130,100.0
512,fold,fold2,rabot,7_5_db,7.5,moderate_1_to_3_db,WiFi,42,5,210,210,100.0
512,fold,fold2,rabot,7_5_db,7.5,variable_3_to_6_db,ALL,27,5,135,135,100.0
512,fold,fold2,rabot,7_5_db,7.5,variable_3_to_6_db,LTE,13,5,65,65,100.0
512,fold,fold2,rabot,7_5_db,7.5,variable_3_to_6_db,WiFi,14,5,70,70,100.0
512,fold,fold2,rabot,7_5_db,7.5,highly_variable_gt_6_db,ALL,301,5,1505,1495,99.33554817275747
512,fold,fold2,rabot,7_5_db,7.5,highly_variable_gt_6_db,DVB-T,1,5,5,5,100.0
512,fold,fold2,rabot,7_5_db,7.5,highly_variable_gt_6_db,LTE,271,5,1355,1355,100.0
512,fold,fold2,rabot,7_5_db,7.5,highly_variable_gt_6_db,WiFi,29,5,145,135,93.10344827586206
512,fold,fold2,rabot,5_db,5.0,stable_le_1_db,ALL,564,5,2820,2796,99.14893617021276
512,fold,fold2,rabot,5_db,5.0,stable_le_1_db,DVB-T,319,5,1595,1595,100.0
512,fold,fold2,rabot,5_db,5.0,stable_le_1_db,LTE,10,5,50,50,100.0
512,fold,fold2,rabot,5_db,5.0,stable_le_1_db,WiFi,235,5,1175,1151,97.95744680851064
512,fold,fold2,rabot,5_db,5.0,moderate_1_to_3_db,ALL,68,5,340,339,99.70588235294117
512,fold,fold2,rabot,5_db,5.0,moderate_1_to_3_db,LTE,26,5,130,130,100.0
512,fold,fold2,rabot,5_db,5.0,moderate_1_to_3_db,WiFi,42,5,210,209,99.52380952380952
512,fold,fold2,rabot,5_db,5.0,variable_3_to_6_db,ALL,27,5,135,134,99.25925925925925
512,fold,fold2,rabot,5_db,5.0,variable_3_to_6_db,LTE,13,5,65,65,100.0
512,fold,fold2,rabot,5_db,5.0,variable_3_to_6_db,WiFi,14,5,70,69,98.57142857142858
512,fold,fold2,rabot,5_db,5.0,highly_variable_gt_6_db,ALL,301,5,1505,1483,98.53820598006644
512,fold,fold2,rabot,5_db,5.0,highly_variable_gt_6_db,DVB-T,1,5,5,5,100.0
512,fold,fold2,rabot,5_db,5.0,highly_variable_gt_6_db,LTE,271,5,1355,1355,100.0
512,fold,fold2,rabot,5_db,5.0,highly_variable_gt_6_db,WiFi,29,5,145,123,84.82758620689656
512,fold,fold3,merelbeke,clean,,stable_le_1_db,ALL,463,1,463,461,99.56803455723542
512,fold,fold3,merelbeke,clean,,stable_le_1_db,DVB-T,313,1,313,312,99.68051118210862
512,fold,fold3,merelbeke,clean,,stable_le_1_db,LTE,2,1,2,1,50.0
512,fold,fold3,merelbeke,clean,,stable_le_1_db,WiFi,148,1,148,148,100.0
512,fold,fold3,merelbeke,clean,,moderate_1_to_3_db,ALL,178,1,178,174,97.75280898876404
512,fold,fold3,merelbeke,clean,,moderate_1_to_3_db,DVB-T,7,1,7,7,100.0
512,fold,fold3,merelbeke,clean,,moderate_1_to_3_db,LTE,14,1,14,10,71.42857142857143
512,fold,fold3,merelbeke,clean,,moderate_1_to_3_db,WiFi,157,1,157,157,100.0
512,fold,fold3,merelbeke,clean,,variable_3_to_6_db,ALL,69,1,69,69,100.0
512,fold,fold3,merelbeke,clean,,variable_3_to_6_db,LTE,54,1,54,54,100.0
512,fold,fold3,merelbeke,clean,,variable_3_to_6_db,WiFi,15,1,15,15,100.0
512,fold,fold3,merelbeke,clean,,highly_variable_gt_6_db,ALL,250,1,250,250,100.0
512,fold,fold3,merelbeke,clean,,highly_variable_gt_6_db,LTE,250,1,250,250,100.0
512,fold,fold3,merelbeke,10_db,10.0,stable_le_1_db,ALL,463,5,2315,2305,99.56803455723542
512,fold,fold3,merelbeke,10_db,10.0,stable_le_1_db,DVB-T,313,5,1565,1563,99.87220447284345
512,fold,fold3,merelbeke,10_db,10.0,stable_le_1_db,LTE,2,5,10,2,20.0
512,fold,fold3,merelbeke,10_db,10.0,stable_le_1_db,WiFi,148,5,740,740,100.0
512,fold,fold3,merelbeke,10_db,10.0,moderate_1_to_3_db,ALL,178,5,890,870,97.75280898876404
512,fold,fold3,merelbeke,10_db,10.0,moderate_1_to_3_db,DVB-T,7,5,35,35,100.0
512,fold,fold3,merelbeke,10_db,10.0,moderate_1_to_3_db,LTE,14,5,70,50,71.42857142857143
512,fold,fold3,merelbeke,10_db,10.0,moderate_1_to_3_db,WiFi,157,5,785,785,100.0
512,fold,fold3,merelbeke,10_db,10.0,variable_3_to_6_db,ALL,69,5,345,345,100.0
512,fold,fold3,merelbeke,10_db,10.0,variable_3_to_6_db,LTE,54,5,270,270,100.0
512,fold,fold3,merelbeke,10_db,10.0,variable_3_to_6_db,WiFi,15,5,75,75,100.0
512,fold,fold3,merelbeke,10_db,10.0,highly_variable_gt_6_db,ALL,250,5,1250,1247,99.76
512,fold,fold3,merelbeke,10_db,10.0,highly_variable_gt_6_db,LTE,250,5,1250,1247,99.76
512,fold,fold3,merelbeke,7_5_db,7.5,stable_le_1_db,ALL,463,5,2315,2304,99.52483801295897
512,fold,fold3,merelbeke,7_5_db,7.5,stable_le_1_db,DVB-T,313,5,1565,1563,99.87220447284345
512,fold,fold3,merelbeke,7_5_db,7.5,stable_le_1_db,LTE,2,5,10,1,10.0
512,fold,fold3,merelbeke,7_5_db,7.5,stable_le_1_db,WiFi,148,5,740,740,100.0
512,fold,fold3,merelbeke,7_5_db,7.5,moderate_1_to_3_db,ALL,178,5,890,870,97.75280898876404
512,fold,fold3,merelbeke,7_5_db,7.5,moderate_1_to_3_db,DVB-T,7,5,35,35,100.0
512,fold,fold3,merelbeke,7_5_db,7.5,moderate_1_to_3_db,LTE,14,5,70,50,71.42857142857143
512,fold,fold3,merelbeke,7_5_db,7.5,moderate_1_to_3_db,WiFi,157,5,785,785,100.0
512,fold,fold3,merelbeke,7_5_db,7.5,variable_3_to_6_db,ALL,69,5,345,345,100.0
512,fold,fold3,merelbeke,7_5_db,7.5,variable_3_to_6_db,LTE,54,5,270,270,100.0
512,fold,fold3,merelbeke,7_5_db,7.5,variable_3_to_6_db,WiFi,15,5,75,75,100.0
512,fold,fold3,merelbeke,7_5_db,7.5,highly_variable_gt_6_db,ALL,250,5,1250,1247,99.76
512,fold,fold3,merelbeke,7_5_db,7.5,highly_variable_gt_6_db,LTE,250,5,1250,1247,99.76
512,fold,fold3,merelbeke,5_db,5.0,stable_le_1_db,ALL,463,5,2315,2304,99.52483801295897
512,fold,fold3,merelbeke,5_db,5.0,stable_le_1_db,DVB-T,313,5,1565,1564,99.93610223642172
512,fold,fold3,merelbeke,5_db,5.0,stable_le_1_db,LTE,2,5,10,0,0.0
512,fold,fold3,merelbeke,5_db,5.0,stable_le_1_db,WiFi,148,5,740,740,100.0
512,fold,fold3,merelbeke,5_db,5.0,moderate_1_to_3_db,ALL,178,5,890,870,97.75280898876404
512,fold,fold3,merelbeke,5_db,5.0,moderate_1_to_3_db,DVB-T,7,5,35,35,100.0
512,fold,fold3,merelbeke,5_db,5.0,moderate_1_to_3_db,LTE,14,5,70,50,71.42857142857143
512,fold,fold3,merelbeke,5_db,5.0,moderate_1_to_3_db,WiFi,157,5,785,785,100.0
512,fold,fold3,merelbeke,5_db,5.0,variable_3_to_6_db,ALL,69,5,345,345,100.0
512,fold,fold3,merelbeke,5_db,5.0,variable_3_to_6_db,LTE,54,5,270,270,100.0
512,fold,fold3,merelbeke,5_db,5.0,variable_3_to_6_db,WiFi,15,5,75,75,100.0
512,fold,fold3,merelbeke,5_db,5.0,highly_variable_gt_6_db,ALL,250,5,1250,1247,99.76
512,fold,fold3,merelbeke,5_db,5.0,highly_variable_gt_6_db,LTE,250,5,1250,1247,99.76
512,fold,fold4,gentbrugge,clean,,stable_le_1_db,ALL,529,1,529,529,100.0
512,fold,fold4,gentbrugge,clean,,stable_le_1_db,DVB-T,319,1,319,319,100.0
512,fold,fold4,gentbrugge,clean,,stable_le_1_db,LTE,1,1,1,1,100.0
512,fold,fold4,gentbrugge,clean,,stable_le_1_db,WiFi,209,1,209,209,100.0
512,fold,fold4,gentbrugge,clean,,moderate_1_to_3_db,ALL,51,1,51,51,100.0
512,fold,fold4,gentbrugge,clean,,moderate_1_to_3_db,DVB-T,1,1,1,1,100.0
512,fold,fold4,gentbrugge,clean,,moderate_1_to_3_db,LTE,16,1,16,16,100.0
512,fold,fold4,gentbrugge,clean,,moderate_1_to_3_db,WiFi,34,1,34,34,100.0
512,fold,fold4,gentbrugge,clean,,variable_3_to_6_db,ALL,80,1,80,80,100.0
512,fold,fold4,gentbrugge,clean,,variable_3_to_6_db,LTE,79,1,79,79,100.0
512,fold,fold4,gentbrugge,clean,,variable_3_to_6_db,WiFi,1,1,1,1,100.0
512,fold,fold4,gentbrugge,clean,,highly_variable_gt_6_db,ALL,300,1,300,299,99.66666666666667
512,fold,fold4,gentbrugge,clean,,highly_variable_gt_6_db,LTE,224,1,224,224,100.0
512,fold,fold4,gentbrugge,clean,,highly_variable_gt_6_db,WiFi,76,1,76,75,98.68421052631578
512,fold,fold4,gentbrugge,10_db,10.0,stable_le_1_db,ALL,529,5,2645,2645,100.0
512,fold,fold4,gentbrugge,10_db,10.0,stable_le_1_db,DVB-T,319,5,1595,1595,100.0
512,fold,fold4,gentbrugge,10_db,10.0,stable_le_1_db,LTE,1,5,5,5,100.0
512,fold,fold4,gentbrugge,10_db,10.0,stable_le_1_db,WiFi,209,5,1045,1045,100.0
512,fold,fold4,gentbrugge,10_db,10.0,moderate_1_to_3_db,ALL,51,5,255,255,100.0
512,fold,fold4,gentbrugge,10_db,10.0,moderate_1_to_3_db,DVB-T,1,5,5,5,100.0
512,fold,fold4,gentbrugge,10_db,10.0,moderate_1_to_3_db,LTE,16,5,80,80,100.0
512,fold,fold4,gentbrugge,10_db,10.0,moderate_1_to_3_db,WiFi,34,5,170,170,100.0
512,fold,fold4,gentbrugge,10_db,10.0,variable_3_to_6_db,ALL,80,5,400,400,100.0
512,fold,fold4,gentbrugge,10_db,10.0,variable_3_to_6_db,LTE,79,5,395,395,100.0
512,fold,fold4,gentbrugge,10_db,10.0,variable_3_to_6_db,WiFi,1,5,5,5,100.0
512,fold,fold4,gentbrugge,10_db,10.0,highly_variable_gt_6_db,ALL,300,5,1500,1494,99.6
512,fold,fold4,gentbrugge,10_db,10.0,highly_variable_gt_6_db,LTE,224,5,1120,1120,100.0
512,fold,fold4,gentbrugge,10_db,10.0,highly_variable_gt_6_db,WiFi,76,5,380,374,98.42105263157895
512,fold,fold4,gentbrugge,7_5_db,7.5,stable_le_1_db,ALL,529,5,2645,2643,99.92438563327032
512,fold,fold4,gentbrugge,7_5_db,7.5,stable_le_1_db,DVB-T,319,5,1595,1595,100.0
512,fold,fold4,gentbrugge,7_5_db,7.5,stable_le_1_db,LTE,1,5,5,5,100.0
512,fold,fold4,gentbrugge,7_5_db,7.5,stable_le_1_db,WiFi,209,5,1045,1043,99.8086124401914
512,fold,fold4,gentbrugge,7_5_db,7.5,moderate_1_to_3_db,ALL,51,5,255,255,100.0
512,fold,fold4,gentbrugge,7_5_db,7.5,moderate_1_to_3_db,DVB-T,1,5,5,5,100.0
512,fold,fold4,gentbrugge,7_5_db,7.5,moderate_1_to_3_db,LTE,16,5,80,80,100.0
512,fold,fold4,gentbrugge,7_5_db,7.5,moderate_1_to_3_db,WiFi,34,5,170,170,100.0
512,fold,fold4,gentbrugge,7_5_db,7.5,variable_3_to_6_db,ALL,80,5,400,400,100.0
512,fold,fold4,gentbrugge,7_5_db,7.5,variable_3_to_6_db,LTE,79,5,395,395,100.0
512,fold,fold4,gentbrugge,7_5_db,7.5,variable_3_to_6_db,WiFi,1,5,5,5,100.0
512,fold,fold4,gentbrugge,7_5_db,7.5,highly_variable_gt_6_db,ALL,300,5,1500,1487,99.13333333333333
512,fold,fold4,gentbrugge,7_5_db,7.5,highly_variable_gt_6_db,LTE,224,5,1120,1120,100.0
512,fold,fold4,gentbrugge,7_5_db,7.5,highly_variable_gt_6_db,WiFi,76,5,380,367,96.57894736842105
512,fold,fold4,gentbrugge,5_db,5.0,stable_le_1_db,ALL,529,5,2645,2629,99.39508506616257
512,fold,fold4,gentbrugge,5_db,5.0,stable_le_1_db,DVB-T,319,5,1595,1595,100.0
512,fold,fold4,gentbrugge,5_db,5.0,stable_le_1_db,LTE,1,5,5,5,100.0
512,fold,fold4,gentbrugge,5_db,5.0,stable_le_1_db,WiFi,209,5,1045,1029,98.4688995215311
512,fold,fold4,gentbrugge,5_db,5.0,moderate_1_to_3_db,ALL,51,5,255,254,99.6078431372549
512,fold,fold4,gentbrugge,5_db,5.0,moderate_1_to_3_db,DVB-T,1,5,5,5,100.0
512,fold,fold4,gentbrugge,5_db,5.0,moderate_1_to_3_db,LTE,16,5,80,80,100.0
512,fold,fold4,gentbrugge,5_db,5.0,moderate_1_to_3_db,WiFi,34,5,170,169,99.41176470588235
512,fold,fold4,gentbrugge,5_db,5.0,variable_3_to_6_db,ALL,80,5,400,400,100.0
512,fold,fold4,gentbrugge,5_db,5.0,variable_3_to_6_db,LTE,79,5,395,395,100.0
512,fold,fold4,gentbrugge,5_db,5.0,variable_3_to_6_db,WiFi,1,5,5,5,100.0
512,fold,fold4,gentbrugge,5_db,5.0,highly_variable_gt_6_db,ALL,300,5,1500,1468,97.86666666666667
512,fold,fold4,gentbrugge,5_db,5.0,highly_variable_gt_6_db,LTE,224,5,1120,1120,100.0
512,fold,fold4,gentbrugge,5_db,5.0,highly_variable_gt_6_db,WiFi,76,5,380,348,91.57894736842105
4096,fold,fold1,reep,clean,,stable_le_1_db,ALL,489,1,489,488,99.79550102249489
4096,fold,fold1,reep,clean,,stable_le_1_db,DVB-T,318,1,318,318,100.0
4096,fold,fold1,reep,clean,,stable_le_1_db,WiFi,171,1,171,170,99.41520467836257
4096,fold,fold1,reep,clean,,moderate_1_to_3_db,ALL,89,1,89,88,98.87640449438202
4096,fold,fold1,reep,clean,,moderate_1_to_3_db,DVB-T,2,1,2,2,100.0
4096,fold,fold1,reep,clean,,moderate_1_to_3_db,LTE,4,1,4,4,100.0
4096,fold,fold1,reep,clean,,moderate_1_to_3_db,WiFi,83,1,83,82,98.79518072289156
4096,fold,fold1,reep,clean,,variable_3_to_6_db,ALL,59,1,59,59,100.0
4096,fold,fold1,reep,clean,,variable_3_to_6_db,LTE,38,1,38,38,100.0
4096,fold,fold1,reep,clean,,variable_3_to_6_db,WiFi,21,1,21,21,100.0
4096,fold,fold1,reep,clean,,highly_variable_gt_6_db,ALL,323,1,323,303,93.80804953560371
4096,fold,fold1,reep,clean,,highly_variable_gt_6_db,LTE,278,1,278,278,100.0
4096,fold,fold1,reep,clean,,highly_variable_gt_6_db,WiFi,45,1,45,25,55.55555555555556
4096,fold,fold1,reep,10_db,10.0,stable_le_1_db,ALL,489,5,2445,2380,97.34151329243353
4096,fold,fold1,reep,10_db,10.0,stable_le_1_db,DVB-T,318,5,1590,1590,100.0
4096,fold,fold1,reep,10_db,10.0,stable_le_1_db,WiFi,171,5,855,790,92.39766081871345
4096,fold,fold1,reep,10_db,10.0,moderate_1_to_3_db,ALL,89,5,445,413,92.80898876404494
4096,fold,fold1,reep,10_db,10.0,moderate_1_to_3_db,DVB-T,2,5,10,10,100.0
4096,fold,fold1,reep,10_db,10.0,moderate_1_to_3_db,LTE,4,5,20,20,100.0
4096,fold,fold1,reep,10_db,10.0,moderate_1_to_3_db,WiFi,83,5,415,383,92.28915662650601
4096,fold,fold1,reep,10_db,10.0,variable_3_to_6_db,ALL,59,5,295,291,98.64406779661017
4096,fold,fold1,reep,10_db,10.0,variable_3_to_6_db,LTE,38,5,190,190,100.0
4096,fold,fold1,reep,10_db,10.0,variable_3_to_6_db,WiFi,21,5,105,101,96.19047619047619
4096,fold,fold1,reep,10_db,10.0,highly_variable_gt_6_db,ALL,323,5,1615,1550,95.97523219814241
4096,fold,fold1,reep,10_db,10.0,highly_variable_gt_6_db,LTE,278,5,1390,1390,100.0
4096,fold,fold1,reep,10_db,10.0,highly_variable_gt_6_db,WiFi,45,5,225,160,71.11111111111111
4096,fold,fold1,reep,7_5_db,7.5,stable_le_1_db,ALL,489,5,2445,2316,94.7239263803681
4096,fold,fold1,reep,7_5_db,7.5,stable_le_1_db,DVB-T,318,5,1590,1590,100.0
4096,fold,fold1,reep,7_5_db,7.5,stable_le_1_db,WiFi,171,5,855,726,84.91228070175438
4096,fold,fold1,reep,7_5_db,7.5,moderate_1_to_3_db,ALL,89,5,445,393,88.31460674157303
4096,fold,fold1,reep,7_5_db,7.5,moderate_1_to_3_db,DVB-T,2,5,10,10,100.0
4096,fold,fold1,reep,7_5_db,7.5,moderate_1_to_3_db,LTE,4,5,20,20,100.0
4096,fold,fold1,reep,7_5_db,7.5,moderate_1_to_3_db,WiFi,83,5,415,363,87.46987951807229
4096,fold,fold1,reep,7_5_db,7.5,variable_3_to_6_db,ALL,59,5,295,290,98.30508474576271
4096,fold,fold1,reep,7_5_db,7.5,variable_3_to_6_db,LTE,38,5,190,190,100.0
4096,fold,fold1,reep,7_5_db,7.5,variable_3_to_6_db,WiFi,21,5,105,100,95.23809523809523
4096,fold,fold1,reep,7_5_db,7.5,highly_variable_gt_6_db,ALL,323,5,1615,1586,98.20433436532508
4096,fold,fold1,reep,7_5_db,7.5,highly_variable_gt_6_db,LTE,278,5,1390,1390,100.0
4096,fold,fold1,reep,7_5_db,7.5,highly_variable_gt_6_db,WiFi,45,5,225,196,87.1111111111111
4096,fold,fold1,reep,5_db,5.0,stable_le_1_db,ALL,489,5,2445,2174,88.9161554192229
4096,fold,fold1,reep,5_db,5.0,stable_le_1_db,DVB-T,318,5,1590,1590,100.0
4096,fold,fold1,reep,5_db,5.0,stable_le_1_db,WiFi,171,5,855,584,68.30409356725147
4096,fold,fold1,reep,5_db,5.0,moderate_1_to_3_db,ALL,89,5,445,328,73.70786516853933
4096,fold,fold1,reep,5_db,5.0,moderate_1_to_3_db,DVB-T,2,5,10,10,100.0
4096,fold,fold1,reep,5_db,5.0,moderate_1_to_3_db,LTE,4,5,20,18,90.0
4096,fold,fold1,reep,5_db,5.0,moderate_1_to_3_db,WiFi,83,5,415,300,72.28915662650603
4096,fold,fold1,reep,5_db,5.0,variable_3_to_6_db,ALL,59,5,295,286,96.94915254237289
4096,fold,fold1,reep,5_db,5.0,variable_3_to_6_db,LTE,38,5,190,190,100.0
4096,fold,fold1,reep,5_db,5.0,variable_3_to_6_db,WiFi,21,5,105,96,91.42857142857143
4096,fold,fold1,reep,5_db,5.0,highly_variable_gt_6_db,ALL,323,5,1615,1610,99.69040247678018
4096,fold,fold1,reep,5_db,5.0,highly_variable_gt_6_db,LTE,278,5,1390,1390,100.0
4096,fold,fold1,reep,5_db,5.0,highly_variable_gt_6_db,WiFi,45,5,225,220,97.77777777777777
4096,fold,fold2,rabot,clean,,stable_le_1_db,ALL,564,1,564,560,99.29078014184397
4096,fold,fold2,rabot,clean,,stable_le_1_db,DVB-T,319,1,319,315,98.7460815047022
4096,fold,fold2,rabot,clean,,stable_le_1_db,LTE,10,1,10,10,100.0
4096,fold,fold2,rabot,clean,,stable_le_1_db,WiFi,235,1,235,235,100.0
4096,fold,fold2,rabot,clean,,moderate_1_to_3_db,ALL,68,1,68,68,100.0
4096,fold,fold2,rabot,clean,,moderate_1_to_3_db,LTE,26,1,26,26,100.0
4096,fold,fold2,rabot,clean,,moderate_1_to_3_db,WiFi,42,1,42,42,100.0
4096,fold,fold2,rabot,clean,,variable_3_to_6_db,ALL,27,1,27,27,100.0
4096,fold,fold2,rabot,clean,,variable_3_to_6_db,LTE,13,1,13,13,100.0
4096,fold,fold2,rabot,clean,,variable_3_to_6_db,WiFi,14,1,14,14,100.0
4096,fold,fold2,rabot,clean,,highly_variable_gt_6_db,ALL,301,1,301,299,99.33554817275747
4096,fold,fold2,rabot,clean,,highly_variable_gt_6_db,DVB-T,1,1,1,0,0.0
4096,fold,fold2,rabot,clean,,highly_variable_gt_6_db,LTE,271,1,271,271,100.0
4096,fold,fold2,rabot,clean,,highly_variable_gt_6_db,WiFi,29,1,29,28,96.55172413793103
4096,fold,fold2,rabot,10_db,10.0,stable_le_1_db,ALL,564,5,2820,2817,99.8936170212766
4096,fold,fold2,rabot,10_db,10.0,stable_le_1_db,DVB-T,319,5,1595,1592,99.81191222570533
4096,fold,fold2,rabot,10_db,10.0,stable_le_1_db,LTE,10,5,50,50,100.0
4096,fold,fold2,rabot,10_db,10.0,stable_le_1_db,WiFi,235,5,1175,1175,100.0
4096,fold,fold2,rabot,10_db,10.0,moderate_1_to_3_db,ALL,68,5,340,340,100.0
4096,fold,fold2,rabot,10_db,10.0,moderate_1_to_3_db,LTE,26,5,130,130,100.0
4096,fold,fold2,rabot,10_db,10.0,moderate_1_to_3_db,WiFi,42,5,210,210,100.0
4096,fold,fold2,rabot,10_db,10.0,variable_3_to_6_db,ALL,27,5,135,135,100.0
4096,fold,fold2,rabot,10_db,10.0,variable_3_to_6_db,LTE,13,5,65,65,100.0
4096,fold,fold2,rabot,10_db,10.0,variable_3_to_6_db,WiFi,14,5,70,70,100.0
4096,fold,fold2,rabot,10_db,10.0,highly_variable_gt_6_db,ALL,301,5,1505,1495,99.33554817275747
4096,fold,fold2,rabot,10_db,10.0,highly_variable_gt_6_db,DVB-T,1,5,5,0,0.0
4096,fold,fold2,rabot,10_db,10.0,highly_variable_gt_6_db,LTE,271,5,1355,1355,100.0
4096,fold,fold2,rabot,10_db,10.0,highly_variable_gt_6_db,WiFi,29,5,145,140,96.55172413793103
4096,fold,fold2,rabot,7_5_db,7.5,stable_le_1_db,ALL,564,5,2820,2819,99.9645390070922
4096,fold,fold2,rabot,7_5_db,7.5,stable_le_1_db,DVB-T,319,5,1595,1594,99.93730407523512
4096,fold,fold2,rabot,7_5_db,7.5,stable_le_1_db,LTE,10,5,50,50,100.0
4096,fold,fold2,rabot,7_5_db,7.5,stable_le_1_db,WiFi,235,5,1175,1175,100.0
4096,fold,fold2,rabot,7_5_db,7.5,moderate_1_to_3_db,ALL,68,5,340,340,100.0
4096,fold,fold2,rabot,7_5_db,7.5,moderate_1_to_3_db,LTE,26,5,130,130,100.0
4096,fold,fold2,rabot,7_5_db,7.5,moderate_1_to_3_db,WiFi,42,5,210,210,100.0
4096,fold,fold2,rabot,7_5_db,7.5,variable_3_to_6_db,ALL,27,5,135,135,100.0
4096,fold,fold2,rabot,7_5_db,7.5,variable_3_to_6_db,LTE,13,5,65,65,100.0
4096,fold,fold2,rabot,7_5_db,7.5,variable_3_to_6_db,WiFi,14,5,70,70,100.0
4096,fold,fold2,rabot,7_5_db,7.5,highly_variable_gt_6_db,ALL,301,5,1505,1495,99.33554817275747
4096,fold,fold2,rabot,7_5_db,7.5,highly_variable_gt_6_db,DVB-T,1,5,5,0,0.0
4096,fold,fold2,rabot,7_5_db,7.5,highly_variable_gt_6_db,LTE,271,5,1355,1355,100.0
4096,fold,fold2,rabot,7_5_db,7.5,highly_variable_gt_6_db,WiFi,29,5,145,140,96.55172413793103
4096,fold,fold2,rabot,5_db,5.0,stable_le_1_db,ALL,564,5,2820,2819,99.9645390070922
4096,fold,fold2,rabot,5_db,5.0,stable_le_1_db,DVB-T,319,5,1595,1595,100.0
4096,fold,fold2,rabot,5_db,5.0,stable_le_1_db,LTE,10,5,50,50,100.0
4096,fold,fold2,rabot,5_db,5.0,stable_le_1_db,WiFi,235,5,1175,1174,99.91489361702128
4096,fold,fold2,rabot,5_db,5.0,moderate_1_to_3_db,ALL,68,5,340,340,100.0
4096,fold,fold2,rabot,5_db,5.0,moderate_1_to_3_db,LTE,26,5,130,130,100.0
4096,fold,fold2,rabot,5_db,5.0,moderate_1_to_3_db,WiFi,42,5,210,210,100.0
4096,fold,fold2,rabot,5_db,5.0,variable_3_to_6_db,ALL,27,5,135,135,100.0
4096,fold,fold2,rabot,5_db,5.0,variable_3_to_6_db,LTE,13,5,65,65,100.0
4096,fold,fold2,rabot,5_db,5.0,variable_3_to_6_db,WiFi,14,5,70,70,100.0
4096,fold,fold2,rabot,5_db,5.0,highly_variable_gt_6_db,ALL,301,5,1505,1495,99.33554817275747
4096,fold,fold2,rabot,5_db,5.0,highly_variable_gt_6_db,DVB-T,1,5,5,0,0.0
4096,fold,fold2,rabot,5_db,5.0,highly_variable_gt_6_db,LTE,271,5,1355,1355,100.0
4096,fold,fold2,rabot,5_db,5.0,highly_variable_gt_6_db,WiFi,29,5,145,140,96.55172413793103
4096,fold,fold3,merelbeke,clean,,stable_le_1_db,ALL,463,1,463,456,98.48812095032397
4096,fold,fold3,merelbeke,clean,,stable_le_1_db,DVB-T,313,1,313,308,98.40255591054313
4096,fold,fold3,merelbeke,clean,,stable_le_1_db,LTE,2,1,2,0,0.0
4096,fold,fold3,merelbeke,clean,,stable_le_1_db,WiFi,148,1,148,148,100.0
4096,fold,fold3,merelbeke,clean,,moderate_1_to_3_db,ALL,178,1,178,174,97.75280898876404
4096,fold,fold3,merelbeke,clean,,moderate_1_to_3_db,DVB-T,7,1,7,7,100.0
4096,fold,fold3,merelbeke,clean,,moderate_1_to_3_db,LTE,14,1,14,10,71.42857142857143
4096,fold,fold3,merelbeke,clean,,moderate_1_to_3_db,WiFi,157,1,157,157,100.0
4096,fold,fold3,merelbeke,clean,,variable_3_to_6_db,ALL,69,1,69,69,100.0
4096,fold,fold3,merelbeke,clean,,variable_3_to_6_db,LTE,54,1,54,54,100.0
4096,fold,fold3,merelbeke,clean,,variable_3_to_6_db,WiFi,15,1,15,15,100.0
4096,fold,fold3,merelbeke,clean,,highly_variable_gt_6_db,ALL,250,1,250,249,99.6
4096,fold,fold3,merelbeke,clean,,highly_variable_gt_6_db,LTE,250,1,250,249,99.6
4096,fold,fold3,merelbeke,10_db,10.0,stable_le_1_db,ALL,463,5,2315,2295,99.13606911447084
4096,fold,fold3,merelbeke,10_db,10.0,stable_le_1_db,DVB-T,313,5,1565,1555,99.36102236421725
4096,fold,fold3,merelbeke,10_db,10.0,stable_le_1_db,LTE,2,5,10,0,0.0
4096,fold,fold3,merelbeke,10_db,10.0,stable_le_1_db,WiFi,148,5,740,740,100.0
4096,fold,fold3,merelbeke,10_db,10.0,moderate_1_to_3_db,ALL,178,5,890,870,97.75280898876404
4096,fold,fold3,merelbeke,10_db,10.0,moderate_1_to_3_db,DVB-T,7,5,35,35,100.0
4096,fold,fold3,merelbeke,10_db,10.0,moderate_1_to_3_db,LTE,14,5,70,50,71.42857142857143
4096,fold,fold3,merelbeke,10_db,10.0,moderate_1_to_3_db,WiFi,157,5,785,785,100.0
4096,fold,fold3,merelbeke,10_db,10.0,variable_3_to_6_db,ALL,69,5,345,345,100.0
4096,fold,fold3,merelbeke,10_db,10.0,variable_3_to_6_db,LTE,54,5,270,270,100.0
4096,fold,fold3,merelbeke,10_db,10.0,variable_3_to_6_db,WiFi,15,5,75,75,100.0
4096,fold,fold3,merelbeke,10_db,10.0,highly_variable_gt_6_db,ALL,250,5,1250,1245,99.6
4096,fold,fold3,merelbeke,10_db,10.0,highly_variable_gt_6_db,LTE,250,5,1250,1245,99.6
4096,fold,fold3,merelbeke,7_5_db,7.5,stable_le_1_db,ALL,463,5,2315,2302,99.43844492440604
4096,fold,fold3,merelbeke,7_5_db,7.5,stable_le_1_db,DVB-T,313,5,1565,1562,99.80830670926517
4096,fold,fold3,merelbeke,7_5_db,7.5,stable_le_1_db,LTE,2,5,10,0,0.0
4096,fold,fold3,merelbeke,7_5_db,7.5,stable_le_1_db,WiFi,148,5,740,740,100.0
4096,fold,fold3,merelbeke,7_5_db,7.5,moderate_1_to_3_db,ALL,178,5,890,870,97.75280898876404
4096,fold,fold3,merelbeke,7_5_db,7.5,moderate_1_to_3_db,DVB-T,7,5,35,35,100.0
4096,fold,fold3,merelbeke,7_5_db,7.5,moderate_1_to_3_db,LTE,14,5,70,50,71.42857142857143
4096,fold,fold3,merelbeke,7_5_db,7.5,moderate_1_to_3_db,WiFi,157,5,785,785,100.0
4096,fold,fold3,merelbeke,7_5_db,7.5,variable_3_to_6_db,ALL,69,5,345,345,100.0
4096,fold,fold3,merelbeke,7_5_db,7.5,variable_3_to_6_db,LTE,54,5,270,270,100.0
4096,fold,fold3,merelbeke,7_5_db,7.5,variable_3_to_6_db,WiFi,15,5,75,75,100.0
4096,fold,fold3,merelbeke,7_5_db,7.5,highly_variable_gt_6_db,ALL,250,5,1250,1240,99.2
4096,fold,fold3,merelbeke,7_5_db,7.5,highly_variable_gt_6_db,LTE,250,5,1250,1240,99.2
4096,fold,fold3,merelbeke,5_db,5.0,stable_le_1_db,ALL,463,5,2315,2305,99.56803455723542
4096,fold,fold3,merelbeke,5_db,5.0,stable_le_1_db,DVB-T,313,5,1565,1565,100.0
4096,fold,fold3,merelbeke,5_db,5.0,stable_le_1_db,LTE,2,5,10,0,0.0
4096,fold,fold3,merelbeke,5_db,5.0,stable_le_1_db,WiFi,148,5,740,740,100.0
4096,fold,fold3,merelbeke,5_db,5.0,moderate_1_to_3_db,ALL,178,5,890,870,97.75280898876404
4096,fold,fold3,merelbeke,5_db,5.0,moderate_1_to_3_db,DVB-T,7,5,35,35,100.0
4096,fold,fold3,merelbeke,5_db,5.0,moderate_1_to_3_db,LTE,14,5,70,50,71.42857142857143
4096,fold,fold3,merelbeke,5_db,5.0,moderate_1_to_3_db,WiFi,157,5,785,785,100.0
4096,fold,fold3,merelbeke,5_db,5.0,variable_3_to_6_db,ALL,69,5,345,344,99.71014492753623
4096,fold,fold3,merelbeke,5_db,5.0,variable_3_to_6_db,LTE,54,5,270,269,99.62962962962963
4096,fold,fold3,merelbeke,5_db,5.0,variable_3_to_6_db,WiFi,15,5,75,75,100.0
4096,fold,fold3,merelbeke,5_db,5.0,highly_variable_gt_6_db,ALL,250,5,1250,1240,99.2
4096,fold,fold3,merelbeke,5_db,5.0,highly_variable_gt_6_db,LTE,250,5,1250,1240,99.2
4096,fold,fold4,gentbrugge,clean,,stable_le_1_db,ALL,529,1,529,529,100.0
4096,fold,fold4,gentbrugge,clean,,stable_le_1_db,DVB-T,319,1,319,319,100.0
4096,fold,fold4,gentbrugge,clean,,stable_le_1_db,LTE,1,1,1,1,100.0
4096,fold,fold4,gentbrugge,clean,,stable_le_1_db,WiFi,209,1,209,209,100.0
4096,fold,fold4,gentbrugge,clean,,moderate_1_to_3_db,ALL,51,1,51,51,100.0
4096,fold,fold4,gentbrugge,clean,,moderate_1_to_3_db,DVB-T,1,1,1,1,100.0
4096,fold,fold4,gentbrugge,clean,,moderate_1_to_3_db,LTE,16,1,16,16,100.0
4096,fold,fold4,gentbrugge,clean,,moderate_1_to_3_db,WiFi,34,1,34,34,100.0
4096,fold,fold4,gentbrugge,clean,,variable_3_to_6_db,ALL,80,1,80,80,100.0
4096,fold,fold4,gentbrugge,clean,,variable_3_to_6_db,LTE,79,1,79,79,100.0
4096,fold,fold4,gentbrugge,clean,,variable_3_to_6_db,WiFi,1,1,1,1,100.0
4096,fold,fold4,gentbrugge,clean,,highly_variable_gt_6_db,ALL,300,1,300,300,100.0
4096,fold,fold4,gentbrugge,clean,,highly_variable_gt_6_db,LTE,224,1,224,224,100.0
4096,fold,fold4,gentbrugge,clean,,highly_variable_gt_6_db,WiFi,76,1,76,76,100.0
4096,fold,fold4,gentbrugge,10_db,10.0,stable_le_1_db,ALL,529,5,2645,2645,100.0
4096,fold,fold4,gentbrugge,10_db,10.0,stable_le_1_db,DVB-T,319,5,1595,1595,100.0
4096,fold,fold4,gentbrugge,10_db,10.0,stable_le_1_db,LTE,1,5,5,5,100.0
4096,fold,fold4,gentbrugge,10_db,10.0,stable_le_1_db,WiFi,209,5,1045,1045,100.0
4096,fold,fold4,gentbrugge,10_db,10.0,moderate_1_to_3_db,ALL,51,5,255,255,100.0
4096,fold,fold4,gentbrugge,10_db,10.0,moderate_1_to_3_db,DVB-T,1,5,5,5,100.0
4096,fold,fold4,gentbrugge,10_db,10.0,moderate_1_to_3_db,LTE,16,5,80,80,100.0
4096,fold,fold4,gentbrugge,10_db,10.0,moderate_1_to_3_db,WiFi,34,5,170,170,100.0
4096,fold,fold4,gentbrugge,10_db,10.0,variable_3_to_6_db,ALL,80,5,400,400,100.0
4096,fold,fold4,gentbrugge,10_db,10.0,variable_3_to_6_db,LTE,79,5,395,395,100.0
4096,fold,fold4,gentbrugge,10_db,10.0,variable_3_to_6_db,WiFi,1,5,5,5,100.0
4096,fold,fold4,gentbrugge,10_db,10.0,highly_variable_gt_6_db,ALL,300,5,1500,1500,100.0
4096,fold,fold4,gentbrugge,10_db,10.0,highly_variable_gt_6_db,LTE,224,5,1120,1120,100.0
4096,fold,fold4,gentbrugge,10_db,10.0,highly_variable_gt_6_db,WiFi,76,5,380,380,100.0
4096,fold,fold4,gentbrugge,7_5_db,7.5,stable_le_1_db,ALL,529,5,2645,2645,100.0
4096,fold,fold4,gentbrugge,7_5_db,7.5,stable_le_1_db,DVB-T,319,5,1595,1595,100.0
4096,fold,fold4,gentbrugge,7_5_db,7.5,stable_le_1_db,LTE,1,5,5,5,100.0
4096,fold,fold4,gentbrugge,7_5_db,7.5,stable_le_1_db,WiFi,209,5,1045,1045,100.0
4096,fold,fold4,gentbrugge,7_5_db,7.5,moderate_1_to_3_db,ALL,51,5,255,255,100.0
4096,fold,fold4,gentbrugge,7_5_db,7.5,moderate_1_to_3_db,DVB-T,1,5,5,5,100.0
4096,fold,fold4,gentbrugge,7_5_db,7.5,moderate_1_to_3_db,LTE,16,5,80,80,100.0
4096,fold,fold4,gentbrugge,7_5_db,7.5,moderate_1_to_3_db,WiFi,34,5,170,170,100.0
4096,fold,fold4,gentbrugge,7_5_db,7.5,variable_3_to_6_db,ALL,80,5,400,400,100.0
4096,fold,fold4,gentbrugge,7_5_db,7.5,variable_3_to_6_db,LTE,79,5,395,395,100.0
4096,fold,fold4,gentbrugge,7_5_db,7.5,variable_3_to_6_db,WiFi,1,5,5,5,100.0
4096,fold,fold4,gentbrugge,7_5_db,7.5,highly_variable_gt_6_db,ALL,300,5,1500,1499,99.93333333333332
4096,fold,fold4,gentbrugge,7_5_db,7.5,highly_variable_gt_6_db,LTE,224,5,1120,1120,100.0
4096,fold,fold4,gentbrugge,7_5_db,7.5,highly_variable_gt_6_db,WiFi,76,5,380,379,99.73684210526315
4096,fold,fold4,gentbrugge,5_db,5.0,stable_le_1_db,ALL,529,5,2645,2645,100.0
4096,fold,fold4,gentbrugge,5_db,5.0,stable_le_1_db,DVB-T,319,5,1595,1595,100.0
4096,fold,fold4,gentbrugge,5_db,5.0,stable_le_1_db,LTE,1,5,5,5,100.0
4096,fold,fold4,gentbrugge,5_db,5.0,stable_le_1_db,WiFi,209,5,1045,1045,100.0
4096,fold,fold4,gentbrugge,5_db,5.0,moderate_1_to_3_db,ALL,51,5,255,255,100.0
4096,fold,fold4,gentbrugge,5_db,5.0,moderate_1_to_3_db,DVB-T,1,5,5,5,100.0
4096,fold,fold4,gentbrugge,5_db,5.0,moderate_1_to_3_db,LTE,16,5,80,80,100.0
4096,fold,fold4,gentbrugge,5_db,5.0,moderate_1_to_3_db,WiFi,34,5,170,170,100.0
4096,fold,fold4,gentbrugge,5_db,5.0,variable_3_to_6_db,ALL,80,5,400,400,100.0
4096,fold,fold4,gentbrugge,5_db,5.0,variable_3_to_6_db,LTE,79,5,395,395,100.0
4096,fold,fold4,gentbrugge,5_db,5.0,variable_3_to_6_db,WiFi,1,5,5,5,100.0
4096,fold,fold4,gentbrugge,5_db,5.0,highly_variable_gt_6_db,ALL,300,5,1500,1495,99.66666666666667
4096,fold,fold4,gentbrugge,5_db,5.0,highly_variable_gt_6_db,LTE,224,5,1120,1120,100.0
4096,fold,fold4,gentbrugge,5_db,5.0,highly_variable_gt_6_db,WiFi,76,5,380,375,98.68421052631578
512,pooled,all_folds,all_locations,clean,,stable_le_1_db,ALL,2045,1,2045,2043,99.90220048899755
512,pooled,all_folds,all_locations,clean,,stable_le_1_db,DVB-T,1269,1,1269,1268,99.92119779353821
512,pooled,all_folds,all_locations,clean,,stable_le_1_db,LTE,13,1,13,12,92.3076923076923
512,pooled,all_folds,all_locations,clean,,stable_le_1_db,WiFi,763,1,763,763,100.0
512,pooled,all_folds,all_locations,clean,,moderate_1_to_3_db,ALL,386,1,386,380,98.44559585492227
512,pooled,all_folds,all_locations,clean,,moderate_1_to_3_db,DVB-T,10,1,10,10,100.0
512,pooled,all_folds,all_locations,clean,,moderate_1_to_3_db,LTE,60,1,60,54,90.0
512,pooled,all_folds,all_locations,clean,,moderate_1_to_3_db,WiFi,316,1,316,316,100.0
512,pooled,all_folds,all_locations,clean,,variable_3_to_6_db,ALL,235,1,235,234,99.57446808510639
512,pooled,all_folds,all_locations,clean,,variable_3_to_6_db,LTE,184,1,184,184,100.0
512,pooled,all_folds,all_locations,clean,,variable_3_to_6_db,WiFi,51,1,51,50,98.0392156862745
512,pooled,all_folds,all_locations,clean,,highly_variable_gt_6_db,ALL,1174,1,1174,1170,99.65928449744463
512,pooled,all_folds,all_locations,clean,,highly_variable_gt_6_db,DVB-T,1,1,1,1,100.0
512,pooled,all_folds,all_locations,clean,,highly_variable_gt_6_db,LTE,1023,1,1023,1023,100.0
512,pooled,all_folds,all_locations,clean,,highly_variable_gt_6_db,WiFi,150,1,150,146,97.33333333333334
512,pooled,all_folds,all_locations,10_db,10.0,stable_le_1_db,ALL,2045,5,10225,10187,99.6283618581907
512,pooled,all_folds,all_locations,10_db,10.0,stable_le_1_db,DVB-T,1269,5,6345,6343,99.96847911741528
512,pooled,all_folds,all_locations,10_db,10.0,stable_le_1_db,LTE,13,5,65,57,87.6923076923077
512,pooled,all_folds,all_locations,10_db,10.0,stable_le_1_db,WiFi,763,5,3815,3787,99.26605504587155
512,pooled,all_folds,all_locations,10_db,10.0,moderate_1_to_3_db,ALL,386,5,1930,1886,97.72020725388602
512,pooled,all_folds,all_locations,10_db,10.0,moderate_1_to_3_db,DVB-T,10,5,50,50,100.0
512,pooled,all_folds,all_locations,10_db,10.0,moderate_1_to_3_db,LTE,60,5,300,270,90.0
512,pooled,all_folds,all_locations,10_db,10.0,moderate_1_to_3_db,WiFi,316,5,1580,1566,99.1139240506329
512,pooled,all_folds,all_locations,10_db,10.0,variable_3_to_6_db,ALL,235,5,1175,1165,99.14893617021276
512,pooled,all_folds,all_locations,10_db,10.0,variable_3_to_6_db,LTE,184,5,920,920,100.0
512,pooled,all_folds,all_locations,10_db,10.0,variable_3_to_6_db,WiFi,51,5,255,245,96.07843137254902
512,pooled,all_folds,all_locations,10_db,10.0,highly_variable_gt_6_db,ALL,1174,5,5870,5839,99.47189097103917
512,pooled,all_folds,all_locations,10_db,10.0,highly_variable_gt_6_db,DVB-T,1,5,5,5,100.0
512,pooled,all_folds,all_locations,10_db,10.0,highly_variable_gt_6_db,LTE,1023,5,5115,5111,99.92179863147605
512,pooled,all_folds,all_locations,10_db,10.0,highly_variable_gt_6_db,WiFi,150,5,750,723,96.39999999999999
512,pooled,all_folds,all_locations,7_5_db,7.5,stable_le_1_db,ALL,2045,5,10225,10148,99.24694376528117
512,pooled,all_folds,all_locations,7_5_db,7.5,stable_le_1_db,DVB-T,1269,5,6345,6343,99.96847911741528
512,pooled,all_folds,all_locations,7_5_db,7.5,stable_le_1_db,LTE,13,5,65,56,86.15384615384616
512,pooled,all_folds,all_locations,7_5_db,7.5,stable_le_1_db,WiFi,763,5,3815,3749,98.2699868938401
512,pooled,all_folds,all_locations,7_5_db,7.5,moderate_1_to_3_db,ALL,386,5,1930,1857,96.21761658031089
512,pooled,all_folds,all_locations,7_5_db,7.5,moderate_1_to_3_db,DVB-T,10,5,50,50,100.0
512,pooled,all_folds,all_locations,7_5_db,7.5,moderate_1_to_3_db,LTE,60,5,300,270,90.0
512,pooled,all_folds,all_locations,7_5_db,7.5,moderate_1_to_3_db,WiFi,316,5,1580,1537,97.27848101265822
512,pooled,all_folds,all_locations,7_5_db,7.5,variable_3_to_6_db,ALL,235,5,1175,1160,98.72340425531915
512,pooled,all_folds,all_locations,7_5_db,7.5,variable_3_to_6_db,LTE,184,5,920,920,100.0
512,pooled,all_folds,all_locations,7_5_db,7.5,variable_3_to_6_db,WiFi,51,5,255,240,94.11764705882352
512,pooled,all_folds,all_locations,7_5_db,7.5,highly_variable_gt_6_db,ALL,1174,5,5870,5813,99.0289608177172
512,pooled,all_folds,all_locations,7_5_db,7.5,highly_variable_gt_6_db,DVB-T,1,5,5,5,100.0
512,pooled,all_folds,all_locations,7_5_db,7.5,highly_variable_gt_6_db,LTE,1023,5,5115,5110,99.90224828934507
512,pooled,all_folds,all_locations,7_5_db,7.5,highly_variable_gt_6_db,WiFi,150,5,750,698,93.06666666666666
512,pooled,all_folds,all_locations,5_db,5.0,stable_le_1_db,ALL,2045,5,10225,10010,97.89731051344744
512,pooled,all_folds,all_locations,5_db,5.0,stable_le_1_db,DVB-T,1269,5,6345,6344,99.98423955870764
512,pooled,all_folds,all_locations,5_db,5.0,stable_le_1_db,LTE,13,5,65,55,84.61538461538461
512,pooled,all_folds,all_locations,5_db,5.0,stable_le_1_db,WiFi,763,5,3815,3611,94.6526867627785
512,pooled,all_folds,all_locations,5_db,5.0,moderate_1_to_3_db,ALL,386,5,1930,1799,93.21243523316062
512,pooled,all_folds,all_locations,5_db,5.0,moderate_1_to_3_db,DVB-T,10,5,50,50,100.0
512,pooled,all_folds,all_locations,5_db,5.0,moderate_1_to_3_db,LTE,60,5,300,270,90.0
512,pooled,all_folds,all_locations,5_db,5.0,moderate_1_to_3_db,WiFi,316,5,1580,1479,93.60759493670886
512,pooled,all_folds,all_locations,5_db,5.0,variable_3_to_6_db,ALL,235,5,1175,1137,96.76595744680851
512,pooled,all_folds,all_locations,5_db,5.0,variable_3_to_6_db,LTE,184,5,920,920,100.0
512,pooled,all_folds,all_locations,5_db,5.0,variable_3_to_6_db,WiFi,51,5,255,217,85.09803921568627
512,pooled,all_folds,all_locations,5_db,5.0,highly_variable_gt_6_db,ALL,1174,5,5870,5744,97.85349233390119
512,pooled,all_folds,all_locations,5_db,5.0,highly_variable_gt_6_db,DVB-T,1,5,5,5,100.0
512,pooled,all_folds,all_locations,5_db,5.0,highly_variable_gt_6_db,LTE,1023,5,5115,5104,99.78494623655914
512,pooled,all_folds,all_locations,5_db,5.0,highly_variable_gt_6_db,WiFi,150,5,750,635,84.66666666666667
4096,pooled,all_folds,all_locations,clean,,stable_le_1_db,ALL,2045,1,2045,2033,99.41320293398533
4096,pooled,all_folds,all_locations,clean,,stable_le_1_db,DVB-T,1269,1,1269,1260,99.29078014184397
4096,pooled,all_folds,all_locations,clean,,stable_le_1_db,LTE,13,1,13,11,84.61538461538461
4096,pooled,all_folds,all_locations,clean,,stable_le_1_db,WiFi,763,1,763,762,99.8689384010485
4096,pooled,all_folds,all_locations,clean,,moderate_1_to_3_db,ALL,386,1,386,381,98.70466321243524
4096,pooled,all_folds,all_locations,clean,,moderate_1_to_3_db,DVB-T,10,1,10,10,100.0
4096,pooled,all_folds,all_locations,clean,,moderate_1_to_3_db,LTE,60,1,60,56,93.33333333333333
4096,pooled,all_folds,all_locations,clean,,moderate_1_to_3_db,WiFi,316,1,316,315,99.68354430379746
4096,pooled,all_folds,all_locations,clean,,variable_3_to_6_db,ALL,235,1,235,235,100.0
4096,pooled,all_folds,all_locations,clean,,variable_3_to_6_db,LTE,184,1,184,184,100.0
4096,pooled,all_folds,all_locations,clean,,variable_3_to_6_db,WiFi,51,1,51,51,100.0
4096,pooled,all_folds,all_locations,clean,,highly_variable_gt_6_db,ALL,1174,1,1174,1151,98.04088586030664
4096,pooled,all_folds,all_locations,clean,,highly_variable_gt_6_db,DVB-T,1,1,1,0,0.0
4096,pooled,all_folds,all_locations,clean,,highly_variable_gt_6_db,LTE,1023,1,1023,1022,99.90224828934507
4096,pooled,all_folds,all_locations,clean,,highly_variable_gt_6_db,WiFi,150,1,150,129,86.0
4096,pooled,all_folds,all_locations,10_db,10.0,stable_le_1_db,ALL,2045,5,10225,10137,99.13936430317848
4096,pooled,all_folds,all_locations,10_db,10.0,stable_le_1_db,DVB-T,1269,5,6345,6332,99.79511426319937
4096,pooled,all_folds,all_locations,10_db,10.0,stable_le_1_db,LTE,13,5,65,55,84.61538461538461
4096,pooled,all_folds,all_locations,10_db,10.0,stable_le_1_db,WiFi,763,5,3815,3750,98.2961992136304
4096,pooled,all_folds,all_locations,10_db,10.0,moderate_1_to_3_db,ALL,386,5,1930,1878,97.30569948186528
4096,pooled,all_folds,all_locations,10_db,10.0,moderate_1_to_3_db,DVB-T,10,5,50,50,100.0
4096,pooled,all_folds,all_locations,10_db,10.0,moderate_1_to_3_db,LTE,60,5,300,280,93.33333333333333
4096,pooled,all_folds,all_locations,10_db,10.0,moderate_1_to_3_db,WiFi,316,5,1580,1548,97.9746835443038
4096,pooled,all_folds,all_locations,10_db,10.0,variable_3_to_6_db,ALL,235,5,1175,1171,99.65957446808511
4096,pooled,all_folds,all_locations,10_db,10.0,variable_3_to_6_db,LTE,184,5,920,920,100.0
4096,pooled,all_folds,all_locations,10_db,10.0,variable_3_to_6_db,WiFi,51,5,255,251,98.4313725490196
4096,pooled,all_folds,all_locations,10_db,10.0,highly_variable_gt_6_db,ALL,1174,5,5870,5790,98.63713798977854
4096,pooled,all_folds,all_locations,10_db,10.0,highly_variable_gt_6_db,DVB-T,1,5,5,0,0.0
4096,pooled,all_folds,all_locations,10_db,10.0,highly_variable_gt_6_db,LTE,1023,5,5115,5110,99.90224828934507
4096,pooled,all_folds,all_locations,10_db,10.0,highly_variable_gt_6_db,WiFi,150,5,750,680,90.66666666666666
4096,pooled,all_folds,all_locations,7_5_db,7.5,stable_le_1_db,ALL,2045,5,10225,10082,98.60146699266504
4096,pooled,all_folds,all_locations,7_5_db,7.5,stable_le_1_db,DVB-T,1269,5,6345,6341,99.93695823483057
4096,pooled,all_folds,all_locations,7_5_db,7.5,stable_le_1_db,LTE,13,5,65,55,84.61538461538461
4096,pooled,all_folds,all_locations,7_5_db,7.5,stable_le_1_db,WiFi,763,5,3815,3686,96.61861074705112
4096,pooled,all_folds,all_locations,7_5_db,7.5,moderate_1_to_3_db,ALL,386,5,1930,1858,96.26943005181347
4096,pooled,all_folds,all_locations,7_5_db,7.5,moderate_1_to_3_db,DVB-T,10,5,50,50,100.0
4096,pooled,all_folds,all_locations,7_5_db,7.5,moderate_1_to_3_db,LTE,60,5,300,280,93.33333333333333
4096,pooled,all_folds,all_locations,7_5_db,7.5,moderate_1_to_3_db,WiFi,316,5,1580,1528,96.70886075949367
4096,pooled,all_folds,all_locations,7_5_db,7.5,variable_3_to_6_db,ALL,235,5,1175,1170,99.57446808510639
4096,pooled,all_folds,all_locations,7_5_db,7.5,variable_3_to_6_db,LTE,184,5,920,920,100.0
4096,pooled,all_folds,all_locations,7_5_db,7.5,variable_3_to_6_db,WiFi,51,5,255,250,98.0392156862745
4096,pooled,all_folds,all_locations,7_5_db,7.5,highly_variable_gt_6_db,ALL,1174,5,5870,5820,99.14821124361158
4096,pooled,all_folds,all_locations,7_5_db,7.5,highly_variable_gt_6_db,DVB-T,1,5,5,0,0.0
4096,pooled,all_folds,all_locations,7_5_db,7.5,highly_variable_gt_6_db,LTE,1023,5,5115,5105,99.80449657869013
4096,pooled,all_folds,all_locations,7_5_db,7.5,highly_variable_gt_6_db,WiFi,150,5,750,715,95.33333333333334
4096,pooled,all_folds,all_locations,5_db,5.0,stable_le_1_db,ALL,2045,5,10225,9943,97.24205378973106
4096,pooled,all_folds,all_locations,5_db,5.0,stable_le_1_db,DVB-T,1269,5,6345,6345,100.0
4096,pooled,all_folds,all_locations,5_db,5.0,stable_le_1_db,LTE,13,5,65,55,84.61538461538461
4096,pooled,all_folds,all_locations,5_db,5.0,stable_le_1_db,WiFi,763,5,3815,3543,92.870249017038
4096,pooled,all_folds,all_locations,5_db,5.0,moderate_1_to_3_db,ALL,386,5,1930,1793,92.90155440414509
4096,pooled,all_folds,all_locations,5_db,5.0,moderate_1_to_3_db,DVB-T,10,5,50,50,100.0
4096,pooled,all_folds,all_locations,5_db,5.0,moderate_1_to_3_db,LTE,60,5,300,278,92.66666666666666
4096,pooled,all_folds,all_locations,5_db,5.0,moderate_1_to_3_db,WiFi,316,5,1580,1465,92.72151898734177
4096,pooled,all_folds,all_locations,5_db,5.0,variable_3_to_6_db,ALL,235,5,1175,1165,99.14893617021276
4096,pooled,all_folds,all_locations,5_db,5.0,variable_3_to_6_db,LTE,184,5,920,919,99.89130434782608
4096,pooled,all_folds,all_locations,5_db,5.0,variable_3_to_6_db,WiFi,51,5,255,246,96.47058823529412
4096,pooled,all_folds,all_locations,5_db,5.0,highly_variable_gt_6_db,ALL,1174,5,5870,5840,99.48892674616695
4096,pooled,all_folds,all_locations,5_db,5.0,highly_variable_gt_6_db,DVB-T,1,5,5,0,0.0
4096,pooled,all_folds,all_locations,5_db,5.0,highly_variable_gt_6_db,LTE,1023,5,5115,5105,99.80449657869013
4096,pooled,all_folds,all_locations,5_db,5.0,highly_variable_gt_6_db,WiFi,150,5,750,735,98.0
