target,signal,unique_score_count,error_auroc,error_average_precision
seed_44,low_top1_confidence,6450,0.9788739229814076,0.2829416854486037
seed_44,small_top1_top2_margin,11639,0.9788336771980412,0.28030446668090003
seed_44,high_prediction_entropy,11641,0.9794740586333717,0.30740849976751833
seed_44,window_probability_divergence,11641,0.9412275437406562,0.13059097511081222
seed_44,window_label_disagreement,2,0.7880964809797244,0.1573234148038271
seed_44,seed_probability_divergence,11641,0.9854487819140185,0.3176371102467318
seed_44,seed_vote_disagreement,2,0.9891682617017574,0.3712121212121212
seed_45,low_top1_confidence,7108,0.9788336252421517,0.4298717824978475
seed_45,small_top1_top2_margin,11641,0.9788342886712841,0.4299617828991574
seed_45,high_prediction_entropy,11641,0.9789444179072792,0.43464321999830996
seed_45,window_probability_divergence,11641,0.9580815619775495,0.28692129064205407
seed_45,window_label_disagreement,2,0.7374155786428893,0.21798394801066992
seed_45,seed_probability_divergence,11641,0.991858065971393,0.742142158170046
seed_45,seed_vote_disagreement,2,0.994242264416315,0.6691919191919192
seed_46,low_top1_confidence,9697,0.9908884297520661,0.3943112298500981
seed_46,small_top1_top2_margin,11641,0.9912672176308539,0.4693787685285591
seed_46,high_prediction_entropy,11641,0.9896315426997245,0.25645496362717224
seed_46,window_probability_divergence,11641,0.9696866391184573,0.27101338103535777
seed_46,window_label_disagreement,2,0.896857782369146,0.1724725271172617
seed_46,seed_probability_divergence,11641,0.9182059228650138,0.026595076767964333
seed_46,seed_vote_disagreement,2,0.9840306473829201,0.06313131313131314
ensemble_mean,low_top1_confidence,10454,0.994983804855677,0.18996944589937237
ensemble_mean,small_top1_top2_margin,11641,0.9949694728695503,0.18657361001678194
ensemble_mean,high_prediction_entropy,11641,0.9946685011608909,0.2546060215435352
ensemble_mean,window_probability_divergence,11641,0.9258606357669045,0.035281591140552654
ensemble_mean,window_label_disagreement,2,0.8281308223693639,0.04168728234230478
ensemble_mean,seed_probability_divergence,11641,0.9634749333562646,0.08563552081210325
ensemble_mean,seed_vote_disagreement,2,0.9834895519821137,0.030303030303030304
