target,signal,review_budget_percent,review_count,review_fraction_percent,caught_error_count,error_recall_percent,review_precision_percent,retained_count,retained_accuracy_percent
seed_44,low_top1_confidence,1.0,117,1.0050682931019672,39,26.53061224489796,33.33333333333333,11524,99.0628254078445
seed_44,low_top1_confidence,5.0,583,5.0081608109268965,120,81.63265306122449,20.58319039451115,11058,99.755832881172
seed_44,low_top1_confidence,10.0,1165,10.007731294562323,144,97.95918367346938,12.360515021459227,10476,99.97136311569301
seed_44,small_top1_top2_margin,1.0,117,1.0050682931019672,38,25.850340136054424,32.47863247863248,11524,99.05414786532454
seed_44,small_top1_top2_margin,5.0,583,5.0081608109268965,120,81.63265306122449,20.58319039451115,11058,99.755832881172
seed_44,small_top1_top2_margin,10.0,1165,10.007731294562323,144,97.95918367346938,12.360515021459227,10476,99.97136311569301
seed_44,high_prediction_entropy,1.0,117,1.0050682931019672,41,27.89115646258503,35.04273504273504,11524,99.08018049288442
seed_44,high_prediction_entropy,5.0,583,5.0081608109268965,121,82.31292517006803,20.754716981132077,11058,99.76487610779526
seed_44,high_prediction_entropy,10.0,1165,10.007731294562323,144,97.95918367346938,12.360515021459227,10476,99.97136311569301
seed_44,window_probability_divergence,1.0,117,1.0050682931019672,18,12.244897959183673,15.384615384615385,11524,98.88059701492537
seed_44,window_probability_divergence,5.0,583,5.0081608109268965,78,53.06122448979592,13.379073756432247,11058,99.37601736299511
seed_44,window_probability_divergence,10.0,1165,10.007731294562323,116,78.91156462585033,9.957081545064378,10476,99.7040855288278
seed_44,window_label_disagreement,1.0,117,1.0050682931019672,14,9.523809523809524,11.965811965811966,11524,98.84588684484554
seed_44,window_label_disagreement,5.0,583,5.0081608109268965,88,59.863945578231295,15.09433962264151,11058,99.46644962922771
seed_44,window_label_disagreement,10.0,1165,10.007731294562323,88,59.863945578231295,7.553648068669528,10476,99.43680794196258
seed_44,seed_probability_divergence,1.0,117,1.0050682931019672,36,24.489795918367346,30.76923076923077,11524,99.03679278028463
seed_44,seed_probability_divergence,5.0,583,5.0081608109268965,139,94.5578231292517,23.842195540308747,11058,99.92765418701393
seed_44,seed_probability_divergence,10.0,1165,10.007731294562323,146,99.31972789115646,12.532188841201716,10476,99.99045437189767
seed_44,seed_vote_disagreement,1.0,117,1.0050682931019672,58,39.455782312925166,49.572649572649574,11524,99.2276987157237
seed_44,seed_vote_disagreement,5.0,583,5.0081608109268965,147,100.0,25.21440823327616,11058,100.0
seed_44,seed_vote_disagreement,10.0,1165,10.007731294562323,147,100.0,12.618025751072961,10476,100.0
seed_45,low_top1_confidence,1.0,117,1.0050682931019672,56,21.132075471698116,47.863247863247864,11524,98.1863936133287
seed_45,low_top1_confidence,5.0,583,5.0081608109268965,201,75.84905660377359,34.476843910806174,11058,99.42123349611141
seed_45,low_top1_confidence,10.0,1165,10.007731294562323,264,99.62264150943396,22.660944206008583,10476,99.99045437189767
seed_45,small_top1_top2_margin,1.0,117,1.0050682931019672,56,21.132075471698116,47.863247863247864,11524,98.1863936133287
seed_45,small_top1_top2_margin,5.0,583,5.0081608109268965,201,75.84905660377359,34.476843910806174,11058,99.42123349611141
seed_45,small_top1_top2_margin,10.0,1165,10.007731294562323,264,99.62264150943396,22.660944206008583,10476,99.99045437189767
seed_45,high_prediction_entropy,1.0,117,1.0050682931019672,59,22.264150943396228,50.427350427350426,11524,98.21242624088859
seed_45,high_prediction_entropy,5.0,583,5.0081608109268965,201,75.84905660377359,34.476843910806174,11058,99.42123349611141
seed_45,high_prediction_entropy,10.0,1165,10.007731294562323,264,99.62264150943396,22.660944206008583,10476,99.99045437189767
seed_45,window_probability_divergence,1.0,117,1.0050682931019672,45,16.9811320754717,38.46153846153847,11524,98.09094064560917
seed_45,window_probability_divergence,5.0,583,5.0081608109268965,159,60.0,27.27272727272727,11058,99.04141797793453
seed_45,window_probability_divergence,10.0,1165,10.007731294562323,236,89.05660377358491,20.257510729613735,10476,99.72317678503245
seed_45,window_label_disagreement,1.0,117,1.0050682931019672,42,15.849056603773585,35.8974358974359,11524,98.0649080180493
seed_45,window_label_disagreement,5.0,583,5.0081608109268965,130,49.056603773584904,22.29845626072041,11058,98.77916440586002
seed_45,window_label_disagreement,10.0,1165,10.007731294562323,130,49.056603773584904,11.158798283261802,10476,98.71134020618557
seed_45,seed_probability_divergence,1.0,117,1.0050682931019672,94,35.471698113207545,80.34188034188034,11524,98.51614022908713
seed_45,seed_probability_divergence,5.0,583,5.0081608109268965,254,95.84905660377359,43.56775300171527,11058,99.90052450714415
seed_45,seed_probability_divergence,10.0,1165,10.007731294562323,260,98.11320754716981,22.317596566523605,10476,99.95227185948835
seed_45,seed_vote_disagreement,1.0,117,1.0050682931019672,53,20.0,45.2991452991453,11524,98.16036098576883
seed_45,seed_vote_disagreement,5.0,583,5.0081608109268965,265,100.0,45.45454545454545,11058,100.0
seed_45,seed_vote_disagreement,10.0,1165,10.007731294562323,265,100.0,22.746781115879827,10476,100.0
seed_46,low_top1_confidence,1.0,117,1.0050682931019672,21,84.0,17.94871794871795,11524,99.96528982992017
seed_46,low_top1_confidence,5.0,583,5.0081608109268965,23,92.0,3.9451114922813035,11058,99.98191354675349
seed_46,low_top1_confidence,10.0,1165,10.007731294562323,25,100.0,2.1459227467811157,10476,100.0
seed_46,small_top1_top2_margin,1.0,117,1.0050682931019672,21,84.0,17.94871794871795,11524,99.96528982992017
seed_46,small_top1_top2_margin,5.0,583,5.0081608109268965,23,92.0,3.9451114922813035,11058,99.98191354675349
seed_46,small_top1_top2_margin,10.0,1165,10.007731294562323,25,100.0,2.1459227467811157,10476,100.0
seed_46,high_prediction_entropy,1.0,117,1.0050682931019672,21,84.0,17.94871794871795,11524,99.96528982992017
seed_46,high_prediction_entropy,5.0,583,5.0081608109268965,23,92.0,3.9451114922813035,11058,99.98191354675349
seed_46,high_prediction_entropy,10.0,1165,10.007731294562323,25,100.0,2.1459227467811157,10476,100.0
seed_46,window_probability_divergence,1.0,117,1.0050682931019672,18,72.0,15.384615384615385,11524,99.93925720236028
seed_46,window_probability_divergence,5.0,583,5.0081608109268965,22,88.0,3.7735849056603774,11058,99.97287032013023
seed_46,window_probability_divergence,10.0,1165,10.007731294562323,23,92.0,1.9742489270386268,10476,99.98090874379534
seed_46,window_label_disagreement,1.0,117,1.0050682931019672,20,80.0,17.094017094017094,11524,99.9566122874002
seed_46,window_label_disagreement,5.0,583,5.0081608109268965,20,80.0,3.430531732418525,11058,99.9547838668837
seed_46,window_label_disagreement,10.0,1165,10.007731294562323,20,80.0,1.7167381974248928,10476,99.95227185948835
seed_46,seed_probability_divergence,1.0,117,1.0050682931019672,4,16.0,3.418803418803419,11524,99.81777160708087
seed_46,seed_probability_divergence,5.0,583,5.0081608109268965,14,56.00000000000001,2.401372212692967,11058,99.90052450714415
seed_46,seed_probability_divergence,10.0,1165,10.007731294562323,18,72.0,1.5450643776824033,10476,99.9331806032837
seed_46,seed_vote_disagreement,1.0,117,1.0050682931019672,15,60.0,12.82051282051282,11524,99.91322457480042
seed_46,seed_vote_disagreement,5.0,583,5.0081608109268965,25,100.0,4.288164665523156,11058,100.0
seed_46,seed_vote_disagreement,10.0,1165,10.007731294562323,25,100.0,2.1459227467811157,10476,100.0
ensemble_mean,low_top1_confidence,1.0,117,1.0050682931019672,9,75.0,7.6923076923076925,11524,99.97396737244011
ensemble_mean,low_top1_confidence,5.0,583,5.0081608109268965,12,100.0,2.0583190394511153,11058,100.0
ensemble_mean,low_top1_confidence,10.0,1165,10.007731294562323,12,100.0,1.0300429184549356,10476,100.0
ensemble_mean,small_top1_top2_margin,1.0,117,1.0050682931019672,9,75.0,7.6923076923076925,11524,99.97396737244011
ensemble_mean,small_top1_top2_margin,5.0,583,5.0081608109268965,12,100.0,2.0583190394511153,11058,100.0
ensemble_mean,small_top1_top2_margin,10.0,1165,10.007731294562323,12,100.0,1.0300429184549356,10476,100.0
ensemble_mean,high_prediction_entropy,1.0,117,1.0050682931019672,9,75.0,7.6923076923076925,11524,99.97396737244011
ensemble_mean,high_prediction_entropy,5.0,583,5.0081608109268965,12,100.0,2.0583190394511153,11058,100.0
ensemble_mean,high_prediction_entropy,10.0,1165,10.007731294562323,12,100.0,1.0300429184549356,10476,100.0
ensemble_mean,window_probability_divergence,1.0,117,1.0050682931019672,3,25.0,2.564102564102564,11524,99.92190211732037
ensemble_mean,window_probability_divergence,5.0,583,5.0081608109268965,6,50.0,1.0291595197255576,11058,99.94574064026045
ensemble_mean,window_probability_divergence,10.0,1165,10.007731294562323,8,66.66666666666666,0.6866952789699571,10476,99.9618174875907
ensemble_mean,window_label_disagreement,1.0,117,1.0050682931019672,6,50.0,5.128205128205128,11524,99.94793474488026
ensemble_mean,window_label_disagreement,5.0,583,5.0081608109268965,8,66.66666666666666,1.3722126929674099,11058,99.96382709350696
ensemble_mean,window_label_disagreement,10.0,1165,10.007731294562323,8,66.66666666666666,0.6866952789699571,10476,99.9618174875907
ensemble_mean,seed_probability_divergence,1.0,117,1.0050682931019672,7,58.333333333333336,5.982905982905983,11524,99.9566122874002
ensemble_mean,seed_probability_divergence,5.0,583,5.0081608109268965,8,66.66666666666666,1.3722126929674099,11058,99.96382709350696
ensemble_mean,seed_probability_divergence,10.0,1165,10.007731294562323,9,75.0,0.7725321888412017,10476,99.97136311569301
ensemble_mean,seed_vote_disagreement,1.0,117,1.0050682931019672,6,50.0,5.128205128205128,11524,99.94793474488026
ensemble_mean,seed_vote_disagreement,5.0,583,5.0081608109268965,12,100.0,2.0583190394511153,11058,100.0
ensemble_mean,seed_vote_disagreement,10.0,1165,10.007731294562323,12,100.0,1.0300429184549356,10476,100.0
