source_id,source_region_id,region_start_sample,region_end_sample,region_start_seconds,raw_rms,amplitude_cv,max_amplitude,max_abs_component,subwindow_power_range_db,max_adjacent_subwindow_jump_db,elevated_64_sample_frame_fraction,longest_elevated_run_samples,spectral_entropy,spectral_flatness,spectral_peak_factor,normalized_spectral_centroid,subwindow_rms_db_json,model_4096_predicted_label,model_4096_correct,model_4096_lte_probability,model_4096_wifi_probability,model_4096_dvbt_probability,model_512_region_predicted_label,model_512_region_correct,model_512_region_lte_probability,model_512_region_wifi_probability,model_512_region_dvbt_probability,model_512_wifi_window_votes,model_4096_5db_correct_trials,model_4096_5db_mean_lte_probability,model_4096_5db_mean_wifi_probability,model_4096_5db_mean_dvbt_probability
tr_reep_wifi_r02,0,16384,20480,0.016384,0.004750669473645368,0.7756797680613625,0.021330489527484665,0.021240876987576485,7.603944572781167,7.540492195618626,0.125,512,0.940516747334137,0.5308826862523507,22.822895522429036,0.0006091690722391102,"[-48.91290417257806, -49.50329939903301, -41.962807203414386, -43.34184501725972, -49.2771297512201, -49.23769572841098, -49.298610618664526, -49.56675177619555]",LTE,False,0.9325574636459351,0.06167721375823021,0.005765397101640701,WiFi,True,0.0007292235436580086,0.9862133264541626,0.013057454225872789,8,5,0.053516677021980284,0.9385685086250305,0.007914822921156884
tr_reep_wifi_r02,1,49152,53248,0.049152,0.0049626396300980384,0.7991604428972637,0.024326902411166414,0.02246161736547947,7.969393149512193,7.969393149512193,0.140625,576,0.9352692187934343,0.5079967790111852,25.72280468184619,0.006663823501668817,"[-48.80592695761074, -49.23994068299955, -48.84205545474801, -48.91191097064837, -49.24600112551676, -49.74803164973149, -41.778638500219294, -42.42953400932734]",LTE,False,0.9086318016052246,0.08481645584106445,0.0065516638569533825,WiFi,True,0.06449602716475056,0.68196470742987,0.25353925068520766,5,5,0.17551290839910508,0.8159514665603638,0.008535649813711643
tr_reep_wifi_r02,2,81920,86016,0.08192,0.003452090655177623,0.5213308060827546,0.010043230129527467,0.009857475757598877,0.9619987846686797,0.9619987846686797,0.0,0,0.9198613783043827,0.49064559200179014,66.54839513080142,0.0024219514728761188,"[-48.98769353181075, -49.20974301099367, -49.57303275570027, -49.227279092547434, -49.37263397255914, -49.226464502212266, -49.67424023666845, -48.71224145199977]",WiFi,True,0.000563096662517637,0.9987074136734009,0.0007294580573216081,WiFi,True,0.0008215855825710605,0.9090648852288723,0.09011352818379237,7,5,0.0026670445455238222,0.9684494853019714,0.028883480094373228
tr_reep_wifi_r02,3,118784,122880,0.118784,0.004774263837149354,0.7512284029336006,0.021064156155219272,0.021057765930891037,8.050821646691446,7.435611792170228,0.125,512,0.9310324632347989,0.5053937253138601,64.46193790368173,0.005333250398140463,"[-48.707354879346056, -49.284336998178176, -41.84872520600795, -43.45628653701119, -49.899546852699395, -49.13283493245956, -48.98769666629401, -49.36701231906244]",LTE,False,0.5802739858627319,0.4081273376941681,0.011598605662584305,WiFi,True,0.1079190311165803,0.758234294175054,0.13384665983903687,6,5,0.07207125052809715,0.9212783932685852,0.006650335714221
tr_reep_wifi_r02,4,151552,155648,0.151552,0.004906677190892738,0.7938436279264283,0.02428837654470285,0.02237006276845932,7.557416190498287,7.207977705111233,0.140625,576,0.9374755151689697,0.5225490938263379,26.953031655474636,0.0008772726333584474,"[-48.91789473532135, -49.39369691057725, -49.12873403687886, -49.469850747089765, -49.24976560539632, -49.12041226170271, -41.91243455659148, -42.499182591114305]",LTE,False,0.8644000887870789,0.12707515060901642,0.008524770848453045,WiFi,True,0.002683950433265636,0.8682976581512776,0.1290183855774103,7,5,0.13795108646154403,0.8508785486221313,0.011170350760221482
tr_reep_wifi_r02,5,188416,192512,0.188416,0.004601958167773046,0.7889976800376638,0.021789291889860375,0.021057765930891037,8.19146538192767,4.805343385932545,0.109375,448,0.9397204007989232,0.5236549230904718,25.44097384723901,-0.00988542517898991,"[-41.63646899874415, -44.62220589924445, -49.427549285176994, -49.82793438067182, -49.40821592212312, -49.38875000650622, -49.81626995926443, -49.54428268495569]",LTE,False,0.9198193550109863,0.07433144003152847,0.005849194712936878,WiFi,True,0.0851174894542055,0.7898510661907494,0.12503144554557366,7,5,0.09397040754556656,0.893952488899231,0.012077107094228268
tr_reep_wifi_r02,6,221184,225280,0.221184,0.004815130174746545,0.7811638471129076,0.021452053626471207,0.021362951025366783,7.7567762932378415,7.7567762932378415,0.125,512,0.9387546964760656,0.5188978672213356,22.63624464725463,-0.002542209887622396,"[-49.240946184117426, -49.495406077002244, -41.7386297837644, -43.31012954320756, -49.20714103060278, -49.23121531024257, -49.19340583416484, -48.96625531632006]",LTE,False,0.9363092184066772,0.05795767903327942,0.0057330625131726265,WiFi,True,0.10132582562550851,0.6056128377704226,0.29306132550846087,5,5,0.08272417038679122,0.9049351215362549,0.01234071869403124
tr_reep_wifi_r02,7,253952,258048,0.253952,0.004962223064661198,0.8012313639785439,0.02355318631817865,0.019592877477407455,7.862258937389328,7.310484820267348,0.140625,576,0.9367219649662135,0.5164495834905515,45.10085724564099,-0.004074130581295771,"[-49.22692993580475, -49.480344322634096, -49.38213289100144, -49.40838895242958, -49.47943741930311, -48.928570205512116, -41.61808538524477, -42.37962840601447]",LTE,False,0.9623833894729614,0.03351039066910744,0.004106225445866585,WiFi,True,0.03647013391582732,0.6921555250883102,0.2713743397016515,6,5,0.4114513576030731,0.5712843179702759,0.017264311388134956
tr_reep_wifi_r02,8,290816,294912,0.290816,0.00472785678202694,0.799638951553787,0.024019301288759554,0.0240180604159832,8.005940054469193,4.5574265548591555,0.109375,448,0.9375146899147675,0.5207944986169843,24.04066233819745,-0.006776270783599436,"[-41.501051150056185, -44.2982389366813, -48.85566549154046, -49.2203282432027, -49.37403796005506, -49.35598898078446, -49.37687877780106, -49.50699120452538]",LTE,False,0.7776884436607361,0.20981304347515106,0.01249852403998375,WiFi,True,0.11870256350266573,0.5130777748418041,0.3682196331756131,4,5,0.049651718139648436,0.9395263671875,0.010821903869509698
tr_reep_wifi_r02,9,323584,327680,0.323584,0.004835789240355606,0.7874201943997048,0.022431182057849594,0.02072206325829029,8.139957744907889,7.051294968323681,0.125,512,0.9367602470721633,0.5221586531382089,33.76575344667078,0.004497848620396622,"[-49.52309353686698, -48.737536846452294, -41.68624187812861, -43.08387390185348, -49.356820742414406, -49.15985009389077, -49.42224690582533, -49.8261996230365]",LTE,False,0.7916476726531982,0.19743108749389648,0.010921308770775795,WiFi,True,0.13840848830727737,0.7175833240780776,0.14400820394803304,6,5,0.12228637486696244,0.8661927223205567,0.011520892754197121
tr_reep_wifi_r02,10,356352,360448,0.356352,0.005010710134513426,0.811437903082832,0.02555266288783328,0.022095395252108574,7.9634814351518415,7.904783912698669,0.140625,576,0.9405229194030508,0.5279967691972768,11.834746895895536,0.007220002293610445,"[-48.995191621058936, -49.344717065932436, -49.292822780571576, -49.35708712256262, -49.46854968270175, -49.409852160248576, -41.50506824754991, -42.23351924209452]",LTE,False,0.9752458333969116,0.02143697813153267,0.003317143302410841,WiFi,True,0.028392444020937546,0.862359220162034,0.10924832339105706,7,0,0.7369484901428223,0.2518870860338211,0.011164394579827786
tr_reep_wifi_r02,11,393216,397312,0.393216,0.004731918863753021,0.8025777804491814,0.023113387919839506,0.022156432271003723,8.211152248061367,5.225991809932644,0.109375,448,0.9350587962794563,0.5173717269460394,44.13663054963204,0.001753520004694878,"[-41.43544777805678, -44.19427404352045, -49.420265853453095, -49.000954288204554, -49.50813170131287, -49.46029081160277, -49.27387216190339, -49.64660002611815]",LTE,False,0.6569169759750366,0.3307667672634125,0.012316189706325531,WiFi,True,0.000676070705139864,0.9508814588189125,0.04844245076901643,8,5,0.04494178593158722,0.9480863690376282,0.0069718495011329654
tr_reep_wifi_r02,12,425984,430080,0.425984,0.004947593041606793,0.7894646613091041,0.024881190865143326,0.021851247176527977,7.926732774084265,7.102580453215026,0.125,512,0.9367571732975388,0.517988874652004,41.36247479186247,0.004269595100876655,"[-49.288600278511154, -48.670811377722494, -41.56823092450747, -42.79602602645093, -49.49496369859173, -48.93173809082591, -49.14901488925072, -49.18558277747101]",LTE,False,0.6737217307090759,0.3132915496826172,0.012986795976758003,WiFi,True,0.024417853688191826,0.8864478431642056,0.08913428939558798,7,5,0.03228264935314655,0.9616534948348999,0.006063846871256828
tr_reep_wifi_r02,13,462848,466944,0.462848,0.0035160132201086953,0.5265795089886278,0.010497033601010262,0.01040680892765522,0.8934354383610881,0.7384730896907499,0.0,0,0.9123502552469683,0.4821585166138998,89.1649896772324,-0.0028109614203826044,"[-49.02931095741745, -49.04149310839233, -48.80289206031837, -49.43010728882422, -49.33577136333365, -49.254377026466294, -48.53667185046313, -49.27514494015388]",WiFi,True,0.0005228121881373227,0.9988505840301514,0.0006266018026508391,WiFi,True,0.0007424391646964068,0.8350811849813908,0.16417638806706236,7,5,0.001441460638307035,0.9934315919876099,0.005126949539408088
tr_reep_wifi_r02,14,495616,499712,0.495616,0.0046956964209401075,0.8018345391308268,0.02438017668246635,0.02316354401409626,8.054851040806419,5.4745271975927565,0.109375,448,0.9370051454410786,0.5197279335237422,33.829408832940054,-0.009790726290997684,"[-41.64689368256198, -44.22721752577564, -49.7017447233684, -49.6218703140996, -49.27363351979416, -49.12048583797011, -49.019267013647394, -49.22429783878641]",LTE,False,0.6808831095695496,0.3070405125617981,0.012076355516910553,WiFi,True,0.0026685598331823712,0.6525589791135644,0.3447724636187104,5,5,0.1617733657360077,0.8262643814086914,0.011962276697158814
tr_reep_wifi_r02,15,528384,532480,0.528384,0.004811843776121057,0.7805331488728305,0.023295534208098708,0.021790210157632828,7.51351089129097,7.397068139392076,0.125,512,0.9399018013413284,0.5348634272111344,21.914856413615134,7.348633542902938e-05,"[-49.37983719766157, -49.26339444576268, -41.8663263063706, -43.3558030734088, -49.16620266026193, -49.30709473130608, -48.62948299590759, -48.845169322080324]",LTE,False,0.8454412221908569,0.1484667807817459,0.006092033814638853,WiFi,True,0.24051382484231,0.7451525409705937,0.014333615100895258,6,5,0.0772538848221302,0.9148670434951782,0.00787905352190137
tr_reep_wifi_r02,16,565248,569344,0.565248,0.003483208019843191,0.5215736054152158,0.009658949229496389,0.008606217801570892,0.666101775863865,0.44690773523313254,0.0,0,0.9262160025859141,0.49077831774644604,55.30843647374968,-0.00040604866356445946,"[-49.396119571953776, -49.14882916969831, -48.889290384789376, -48.99868206852829, -49.10848442542011, -49.55539216065324, -49.150615423671354, -49.072516495375254]",WiFi,True,0.0049070497043430805,0.930880069732666,0.06421288102865219,WiFi,True,0.0006201209698701859,0.8511390153580578,0.14824085396594455,7,0,0.006192356208339333,0.23149838522076607,0.7623092532157898
tr_reep_wifi_r02,17,598016,602112,0.598016,0.004777772040115862,0.782003087099746,0.023127548290130893,0.023010950535535812,7.7975621796962855,4.963228784731932,0.109375,448,0.9347416802065704,0.5132017545450995,42.46462091693602,-0.004475952155700333,"[-41.58554936322689, -44.220683585408054, -49.183912370139986, -49.1631320661708, -48.79097272439995, -48.991490439499394, -48.59421377795896, -49.383111542923174]",WiFi,True,0.3270866572856903,0.6630156636238098,0.009897732175886631,WiFi,True,0.12096004935074234,0.7543218559585512,0.12471808096961468,6,5,0.04286078624427318,0.9530516028404236,0.004087612591683864
tr_reep_wifi_r02,18,630784,634880,0.630784,0.004841596507818861,0.8069951588495156,0.025783817609784748,0.021393470466136932,8.109786676753984,7.812318289128115,0.125,512,0.9395080049995721,0.5258883972284992,30.058557493359853,-0.0022772249231903102,"[-49.071553046013406, -49.415675268634054, -41.60335697950594, -43.16602208779358, -49.71314365625992, -48.953513417044704, -49.36656504019225, -49.446848779059025]",LTE,False,0.9656366109848022,0.03067711926996708,0.003686236683279276,WiFi,True,0.11224985666740395,0.7989345798268914,0.08881555373227457,7,5,0.14343228191137314,0.8446943283081054,0.01187339350581169
tr_reep_wifi_r02,19,667648,671744,0.667648,0.0034820400134097425,0.5197514644670124,0.010033348805046038,0.009979549795389175,1.0357788576841855,0.6103127249863789,0.015625,64,0.9194016995529425,0.4810877678937671,36.49417342086025,0.004924512252554469,"[-49.311474843477086, -49.37585703822442, -49.345054038096464, -49.05797991277427, -49.37741540484175, -49.465197011170034, -49.03973087847223, -48.42941815348585]",WiFi,True,0.0008456318755634129,0.9973196387290955,0.0018347450532019138,WiFi,True,0.0005668013700415031,0.8272255193442106,0.17220768744664383,7,5,0.003756990935653448,0.9528826713562012,0.04336033444851637
tr_reep_wifi_r02,20,700416,704512,0.700416,0.004691101166409478,0.7866189774999444,0.027371285482860472,0.026886800304055214,8.334907920200926,4.722701459855806,0.109375,448,0.938763386987984,0.523905619553578,30.775719543241543,-0.010627877720825962,"[-41.54508136546657, -44.40087400724994, -49.123575467105745, -49.3593524168389, -49.8799892856675, -48.97127951473733, -49.426528007723974, -49.39405629772705]",LTE,False,0.8120778203010559,0.1776418536901474,0.010280345566570759,WiFi,True,0.08793001284720958,0.6596640675561503,0.25240591415968083,5,5,0.05387209989130497,0.9366367101669312,0.009491186868399382
tr_reep_wifi_r02,21,737280,741376,0.73728,0.003436343787450653,0.521085728428257,0.009733680393976924,0.009460736066102982,0.6339035948335834,0.6339035948335834,0.0,0,0.9330585602609437,0.5088335606268407,39.97495032652413,0.0012555578377513449,"[-48.977999380731234, -49.61190297556482, -49.060002764980204, -49.26524516393705, -49.29427839933987, -48.9853337935487, -49.522610073636635, -49.56182451613513]",WiFi,True,0.007828590460121632,0.620589554309845,0.3715818226337433,WiFi,True,0.0016166161499313603,0.6782454270869493,0.32013794782551486,5,0,0.0015876707970164717,0.015262097306549548,0.9831502079963684
tr_reep_wifi_r02,22,770048,774144,0.770048,0.0034786318157296265,0.5294626825825484,0.009717735413538294,0.008667254820466042,0.552812804845189,0.4260765493538017,0.0,0,0.9226413082034485,0.4867845381970562,39.42276037906386,0.0015763245679387416,"[-49.17741881944473, -49.00061160147165, -48.81600677570931, -49.24208332506311, -49.3688195805545, -49.3098941089378, -49.25418672404489, -49.23236445830586]",WiFi,True,0.001110302982851863,0.9959676265716553,0.002922043902799487,WiFi,True,0.0006037556931914878,0.9458406418561935,0.053555586057882465,8,5,0.005070070875808597,0.8992040991783142,0.0957258589565754
tr_reep_wifi_r02,23,802816,806912,0.802816,0.004665015530940863,0.7609260650083693,0.023828384210413056,0.022034358233213425,7.635685742915925,4.316388131178911,0.109375,448,0.9312700588908516,0.5099087819358421,36.77353116699739,-0.008591483980742151,"[-41.95415007184272, -44.6640238710235, -48.980412002202414, -48.79589565814228, -48.05330984550636, -49.58983581475864, -49.406394260691684, -49.13091885721738]",WiFi,True,0.0761355459690094,0.9175219535827637,0.006342458073049784,WiFi,True,0.04814836176274184,0.8206445698451716,0.1312070824797047,7,5,0.015024473518133163,0.982333755493164,0.0026417826302349567
tr_reep_wifi_r02,24,839680,843776,0.83968,0.0034415607773317226,0.5190362583900759,0.009692399531939701,0.008911402896046638,0.6285391286543671,0.36527146309022385,0.0,0,0.9164783294231661,0.48375641217912346,116.85998686943472,-0.00014063279002120288,"[-48.99408287573009, -49.05750296509602, -48.97475886421702, -49.20761165999588, -49.238026529781166, -49.60329799287139, -49.60213219894289, -49.4974702543807]",WiFi,True,0.001467221649363637,0.9922376275062561,0.00629516551271081,WiFi,True,0.0006224437383934855,0.7711797197371197,0.2281978066857846,6,5,0.006994756869971752,0.7412030935287476,0.2518021687865257
tr_reep_wifi_r02,25,872448,876544,0.872448,0.0034378336736752466,0.5291797557517843,0.011493771758869387,0.010620438493788242,0.9870731344287549,0.5081930697509947,0.0,0,0.9240653221291686,0.49413678236661307,54.030836488356805,-5.485433747856594e-05,"[-49.908100887408324, -49.39990781765733, -49.08832877005182, -49.548203156934576, -49.09560567777717, -48.92102775297957, -49.206817209009714, -49.10708651446933]",WiFi,True,0.002528188284486532,0.9807643294334412,0.016707412898540497,WiFi,True,0.0007873964959799196,0.8764424156397581,0.1227701855068517,7,5,0.007957744970917701,0.6437614679336547,0.34828079044818877
tr_reep_wifi_r02,26,905216,909312,0.905216,0.004614933466517943,0.7746727352309856,0.02467828092527437,0.02465895004570484,7.570570572775864,4.645177928943724,0.109375,448,0.9357529139669151,0.5135426921665247,40.19967738528404,-0.004567212319048483,"[-41.94963085141559, -44.56673502990537, -49.21191295884909, -49.03721482546245, -49.01079359835761, -49.31280254386521, -49.520201424191455, -49.319342417444915]",WiFi,True,0.4831105172634125,0.505108654499054,0.011780786328017712,WiFi,True,0.00839770435140963,0.975383348762989,0.016218937249050214,8,5,0.0281879186630249,0.9668287873268128,0.004983288841322065
tr_reep_wifi_r02,27,942080,946176,0.94208,0.0035110377509307944,0.5191430191132442,0.010842833681602656,0.00958281010389328,1.3684822660838876,1.083396393591343,0.0,0,0.9180039198611449,0.48040101516442446,68.5699939091931,-0.0028896925956646557,"[-49.382735965814994, -49.20360469168864, -49.169773937825994, -48.08637754423465, -49.12525512722254, -49.16768495312246, -49.297953935758294, -49.45485981031854]",WiFi,True,0.001247002393938601,0.9953141212463379,0.0034388999920338392,WiFi,True,0.000560095026230556,0.8059571569319814,0.19348273829336904,6,5,0.005133213521912694,0.9302941918373108,0.06457258686423302
tr_reep_wifi_r02,28,974848,978944,0.974848,0.0034291047599947053,0.5289022628685672,0.009890867204844918,0.009430217556655407,0.455465618273756,0.3658745751688599,0.0,0,0.9235042512927831,0.48268920056624937,57.46832076930101,6.858903146139683e-06,"[-49.45465144947132, -49.36401892444215, -49.365060406366425, -48.999185831197565, -49.27659667602276, -49.19777187049008, -49.2776468164581, -49.45452395317915]",WiFi,True,0.00485018827021122,0.9141556024551392,0.08099417388439178,WiFi,True,0.0005536265330192691,0.8578008196582232,0.14164556091873237,7,0,0.004835292836651206,0.11473133265972138,0.8804333567619324
tr_reep_wifi_r02,29,1011712,1015808,1.011712,0.0035167133195139547,0.5211854740976767,0.009929071724187674,0.00918606948107481,0.9331766945364777,0.3603389449375598,0.0,0,0.91382310784675,0.4770399085556094,70.83492711847633,-0.0020702597623161317,"[-48.72958689234129, -48.96040852660961, -48.644158754412665, -49.004497699350225, -49.24038971184737, -49.57733544894914, -49.43384902123999, -49.111812148898615]",WiFi,True,0.0008434257470071316,0.997514009475708,0.0016425384674221277,WiFi,True,0.0007163708612552,0.8929296769201756,0.10635393809229754,7,5,0.004193756449967623,0.9376919746398926,0.05811428390443325
tr_reep_wifi_r02,30,1044480,1048576,1.04448,0.00347260804338714,0.5250655016779064,0.01085232130184613,0.009613328613340855,0.8116843239239131,0.8116843239239131,0.0,0,0.9184117712571702,0.49730429277682725,98.34378605715892,-0.000492644303284176,"[-48.85830985735464, -49.0872209595488, -49.12013418854861, -49.37098369941058, -49.551953284313726, -49.21441096423407, -49.58751389879758, -48.77582957487367]",WiFi,True,0.0025970558635890484,0.9773195385932922,0.020083406940102577,WiFi,True,0.001469116791668057,0.8062336780130863,0.19229718183260047,6,5,0.006815703306347132,0.8355551719665527,0.15762913078069687
tr_reep_wifi_r02,31,1077248,1081344,1.077248,0.0035014035458048867,0.5210843583823245,0.011545395745622414,0.011322364211082458,0.6787050069304357,0.6079339841851308,0.0,0,0.9211944808595465,0.49071623632274847,78.47418267420588,0.0016951211319245485,"[-49.32475661878934, -49.19403905264842, -49.1198239053298, -48.80468072704187, -49.21429162174042, -49.354671839311905, -49.2839008165666, -48.67596683238147]",WiFi,True,0.001690395176410675,0.9900391697883606,0.008270429447293282,WiFi,True,0.0009920883221639087,0.9600621536374092,0.03894578700169404,8,3,0.007352960295975208,0.5587680220603943,0.4338790446519852
tr_reep_wifi_r03,0,16384,20480,0.016384,0.003567467286228032,0.5177394154139062,0.010334017438602737,0.009796438738703728,1.009113603201989,0.9901103103055533,0.0,0,0.9097514028054632,0.4622209130486192,84.42627366780175,-0.0016313506839613495,"[-49.57312222812653, -48.583011917820976, -49.24347094496687, -48.56400862492454, -49.083564632096696, -49.1115571617422, -48.90859952966384, -48.65637011831987]",WiFi,True,0.000743011652957648,0.997814416885376,0.0014425223926082253,WiFi,True,0.0007115097478163079,0.8409045692533255,0.15838392503337673,7,5,0.003304898552596569,0.9641398787498474,0.032555236294865605
tr_reep_wifi_r03,1,49152,53248,0.049152,0.003489147773528296,0.5209443393890376,0.010044342948950713,0.010040586814284325,0.9474692534982765,0.5916611273388739,0.0,0,0.9161399544265981,0.4713695935184336,83.7390264131887,0.001590048565303398,"[-49.66656587563446, -49.395523591985615, -48.80386246464674, -48.719096622136185, -48.89054711896825, -49.178770893586275, -49.28928976374798, -49.30685767745]",WiFi,True,0.0008533523650839925,0.9970807433128357,0.002065864158794284,WiFi,True,0.000600363103330892,0.9830378890037537,0.01636173849738043,8,5,0.0036882571410387756,0.9473604798316956,0.04895126633346081
tr_reep_wifi_r03,2,81920,86016,0.08192,0.0035756729408097676,0.5330851021812785,0.011227698831055451,0.009704884141683578,1.0767080967724922,0.8097593155711849,0.0,0,0.9106080158307482,0.47168310443051376,57.120198345677835,-0.0017446866646829984,"[-48.66340703953167, -48.81857718015519, -48.93211802761193, -48.88607503103948, -48.42976757190924, -49.23952688748042, -49.07660608590853, -49.50647566868173]",WiFi,True,0.0017678079893812537,0.9902381300926208,0.007994101382791996,WiFi,True,0.00039818272125557996,0.7452454530866817,0.25435633867482466,6,5,0.005850498750805855,0.8839823722839355,0.1101671114563942
tr_reep_wifi_r03,3,118784,122880,0.118784,0.0034062839397550693,0.5087336318889933,0.008741992960744956,0.008117921650409698,1.1190286336795552,0.7666240578100343,0.0,0,0.9287443578458306,0.5041270821674423,66.04060314001458,0.0020088903214944276,"[-49.37168843934538, -49.225239600621805, -48.892978323628036, -49.406883558387776, -49.41286211232429, -49.344865160664845, -49.24538289949756, -50.01200695730759]",WiFi,True,0.004048498813062906,0.9538124799728394,0.042139045894145966,WiFi,True,0.0003467920460025198,0.7536736521215062,0.24597954562523228,6,1,0.006657266151160001,0.29739652276039125,0.6959462285041809
tr_reep_wifi_r03,4,151552,155648,0.151552,0.003486241518621993,0.5326215814579394,0.010407211648023105,0.01034577190876007,1.0275405436965528,0.7387105181717004,0.0,0,0.9199403399597498,0.48625828287593975,71.84495697678615,0.0007770115589228882,"[-49.11302799379136, -48.657381399287864, -49.22408903665971, -49.01645601993727, -49.289909601081334, -48.94621142481272, -49.68492194298442, -49.36672277013464]",WiFi,True,0.0007142656249925494,0.9982366561889648,0.0010491162538528442,WiFi,True,0.0003071637265747995,0.9982543438673019,0.0014384905657607305,8,5,0.003283812291920185,0.9659652471542358,0.030750922113656997
tr_reep_wifi_r03,5,188416,192512,0.188416,0.00371246085577115,0.5635368366612272,0.016907360683403167,0.01690725050866604,3.346352256562845,2.819296750545959,0.03125,128,0.9146203934429232,0.48092983113515386,78.7633428809203,-0.00017071760654094326,"[-48.71274711160952, -49.55727884093424, -48.72041857205844, -49.12776193863171, -49.46324379059152, -49.087038487406275, -49.03022333491735, -46.21092658437139]",WiFi,True,0.00048808808787725866,0.9989854693412781,0.000526401971001178,WiFi,True,0.0006703068952447211,0.7747136075049639,0.22461610535810905,6,5,0.0013354770140722393,0.9947649717330933,0.0038995872950181366
tr_reep_wifi_r03,6,221184,225280,0.221184,0.0034608659065092826,0.5179566346958813,0.009195797347767872,0.008423106744885445,0.49119335599420566,0.34436345958149417,0.0,0,0.9254283791206527,0.49842416844508747,43.718356309309144,0.0006666440446235627,"[-49.19457386347971, -49.04228703265947, -49.22037841065726, -49.125478620106634, -49.189116929072185, -49.53348038865368, -49.312283278901845, -49.1306769769944]",WiFi,True,0.0012748929439112544,0.9946186542510986,0.004106469918042421,WiFi,True,0.0006342371266327973,0.7806493564712582,0.21871639665459952,6,5,0.006341766472905875,0.809759259223938,0.1838989682495594
tr_reep_wifi_r03,7,253952,258048,0.253952,0.003446522835025103,0.526133087927234,0.010168204705976505,0.00912503246217966,0.821704797143731,0.821704797143731,0.0,0,0.9233037646431801,0.4915662215316749,62.075697165184906,0.005216399798579796,"[-49.12018325940109, -49.14498241059631, -49.466113519783946, -49.42944981548166, -49.169209476334714, -49.640325303193784, -48.81862050605005, -49.28236492812309]",WiFi,True,0.002820494119077921,0.975864589214325,0.021314891055226326,WiFi,True,0.0005808005325889098,0.7503616839530878,0.24905751992309888,6,0,0.0069252652116119865,0.243953138589859,0.7491216063499451
tr_reep_wifi_r03,8,290816,294912,0.290816,0.003603169620115752,0.5665636723284667,0.014804776509270702,0.014679399318993092,3.2443998090063886,2.7873535311346913,0.03125,128,0.9330101744743103,0.5177927774394994,34.88939240292422,-0.0026751548478110565,"[-49.08811038927334, -49.27780403212622, -49.046680035264274, -49.28312711059256, -49.82562129594928, -49.38522657032575, -49.368575018077586, -46.581221486942894]",WiFi,True,0.001802456215955317,0.9909502863883972,0.007247236557304859,WiFi,True,0.000608918478974374,0.5200940039358102,0.4792970443027116,4,4,0.008790993224829435,0.6263278305530549,0.3648811876773834
tr_reep_wifi_r03,9,323584,327680,0.323584,0.0034291915564007153,0.515634881711886,0.011108902793498153,0.009002958424389362,0.5858115356993565,0.2805347067506361,0.0,0,0.9328078855037899,0.5094445681918287,28.090037125099123,-0.0009771843644615225,"[-49.19403709204196, -49.474571798792596, -49.297728782449056, -49.53380964090031, -49.4430520676838, -49.32240520913733, -49.18522915301749, -48.94799810520095]",WiFi,True,0.008349952287971973,0.5870475769042969,0.40460243821144104,WiFi,True,0.0007153208061936311,0.507172605546657,0.4921120620074362,4,0,0.0019425270496867598,0.022930960357189178,0.9751264810562134
tr_reep_wifi_r03,10,356352,360448,0.356352,0.003473601101039108,0.5292336464521454,0.010853136056046365,0.010681475512683392,1.2890340692651279,0.8825668352398708,0.0,0,0.9163231968668377,0.4920907786826792,82.70576271384212,0.0021141887310055507,"[-49.459933595119814, -49.199083662932985, -48.86624484220958, -48.997415015579605, -48.65406369406564, -49.424039941859235, -49.94309776333077, -49.0605309280909]",WiFi,True,0.003443217370659113,0.958544135093689,0.03801260516047478,WiFi,True,0.0008797696852980152,0.8046840661554597,0.19443616357079918,6,5,0.008129834849387407,0.6052854895591736,0.38658466935157776
tr_reep_wifi_r03,11,393216,397312,0.393216,0.0036586498426996773,0.5559487945804497,0.015790368989165166,0.014618362300097942,2.822865570308899,2.6552434447486846,0.03125,128,0.9285378591909048,0.5047899817859852,48.71658250997308,-0.0007888735230592858,"[-49.105098160699654, -49.220286004417, -49.435080097194884, -48.74088230819176, -48.68383374556312, -49.4839633465249, -49.31634122096469, -46.661097776216]",WiFi,True,0.0012660939246416092,0.996136486530304,0.0025974067393690348,WiFi,True,0.0006265853889999562,0.874209813773632,0.12516358129596483,7,5,0.00763523168861866,0.7504061698913574,0.24195858426392078
tr_reep_wifi_r03,12,425984,430080,0.425984,0.0034206662769767945,0.5202813227762764,0.010158444922334668,0.009338662028312683,0.5770376908579848,0.5297453790625681,0.0,0,0.928245292795984,0.5023079504376488,62.40315840603776,0.0034167920640417876,"[-49.35754226359755, -49.245115294107045, -49.146168654830475, -49.38474864363684, -49.13695134576465, -49.40251913040644, -49.713989036622635, -49.18424365756007]",WiFi,True,0.002384308958426118,0.9843959808349609,0.01321967039257288,WiFi,True,0.0015349805435107555,0.6183727316674776,0.380092277120184,5,2,0.007951600104570388,0.5093620419502258,0.4826863706111908
tr_reep_wifi_r03,13,462848,466944,0.462848,0.004045081117715482,0.6070177449506251,0.016774768193325486,0.016205323860049248,4.777875160928282,4.542729830078166,0.109375,448,0.9360773786341647,0.5241254627233962,34.9882026632176,0.009684148626801461,"[-49.244424163912456, -49.29681756126882, -49.30409054216092, -46.324029254721914, -44.52621538123264, -49.068945211310805, -49.10628771610129, -49.1189782665422]",WiFi,True,0.009095425717532635,0.9880403876304626,0.0028642250690609217,WiFi,True,0.022976246657890442,0.8404350653290749,0.1365886896583106,7,5,0.019262334890663625,0.9578397750854493,0.02289791628718376
tr_reep_wifi_r03,14,495616,499712,0.495616,0.0036244769735648634,0.5635876289455835,0.015121971483670687,0.014679399318993092,3.1903723365219534,3.1903723365219534,0.03125,128,0.9310951806512652,0.5156418691288703,51.93358456054269,0.00634135571186098,"[-49.16610225946027, -49.469456402661166, -48.65308099078541, -49.11671696555156, -49.44374773868938, -49.499629749393904, -49.68080198508189, -46.49042964855994]",WiFi,True,0.0020210673101246357,0.9906207323074341,0.007358199916779995,WiFi,True,0.0009949239411071176,0.8452149200602435,0.1537901257061094,7,4,0.008932258561253547,0.6678772211074829,0.3231905043125153
tr_reep_wifi_r03,15,528384,532480,0.528384,0.0034055058195453197,0.521470187600497,0.010025130852537855,0.00878932885825634,0.8021400390452129,0.8021400390452129,0.0,0,0.9300522931429682,0.5105537042400866,40.38419579907406,-0.0006288299315238138,"[-49.53115440048522, -49.43617761066748, -49.09468843952061, -49.07373286691119, -49.875872905956406, -49.417024861130656, -49.27948889762497, -49.19832886511452]",WiFi,True,0.006667311303317547,0.8570661544799805,0.13626648485660553,WiFi,True,0.0004494070376495074,0.6694266370759578,0.3301239594557046,5,0,0.003176162810996175,0.09591982271522284,0.9009039998054504
tr_reep_wifi_r03,16,565248,569344,0.565248,0.0041066202123031395,0.6363371438768457,0.017173919501302197,0.017090361565351486,5.597160738253223,5.071692026386117,0.109375,448,0.9322553095294775,0.5068469634491519,50.392480628707226,0.0009990088185477808,"[-49.0136443561409, -48.88951065659812, -49.16533486904793, -46.13934428088682, -44.118526903086334, -49.19021892947245, -49.71568764133956, -49.377449632994185]",WiFi,True,0.018999526277184486,0.9771660566329956,0.0038344196509569883,WiFi,True,0.04756375849001415,0.6939017460681498,0.25853448542693513,6,5,0.015460526384413243,0.972531533241272,0.012007962446659803
tr_reep_wifi_r03,17,598016,602112,0.598016,0.0036818175983807464,0.5719845834631008,0.017645315934826673,0.016510508954524994,3.5373122437149718,3.5373122437149718,0.03125,128,0.9235045795225191,0.49509847217901354,35.59001599251621,-0.003570197946380277,"[-49.02207733106316, -49.63409011482963, -48.77044059907461, -49.26850764736106, -49.06382524180471, -49.16226494707821, -49.63933925378008, -46.10202701006511]",WiFi,True,0.0006083319894969463,0.9986544847488403,0.0007371615502052009,WiFi,True,0.00016093949398054974,0.8746796033083228,0.12515948311283864,7,5,0.0024270273745059965,0.980544364452362,0.01702861124649644
tr_reep_wifi_r03,18,630784,634880,0.630784,0.0035055474991537894,0.5178697500595922,0.00968668072167849,0.009674365632236004,0.510551211283321,0.49109901807010203,0.0,0,0.9237173063795916,0.48972605926479906,42.09802250443422,-0.0009980056802559728,"[-49.17788560590523, -48.90695979250757, -48.78877603695394, -49.27987505502404, -49.090650968090955, -49.060875175484995, -49.26253238897857, -49.29932724823726]",WiFi,True,0.002279297448694706,0.9840318560600281,0.013688795268535614,WiFi,True,0.000889861101313727,0.9608559533953667,0.038254169868196186,8,0,0.005692811962217092,0.226174558699131,0.7681326031684875
tr_reep_wifi_r03,19,667648,671744,0.667648,0.004097358416580038,0.6339766824761884,0.017432476703265216,0.017242953181266785,5.572378431898173,5.572378431898173,0.109375,448,0.929449350173148,0.5184136766974096,73.52364113536902,-0.0009915807914234326,"[-49.43888374548926, -48.81646095034861, -49.532284983313545, -46.194727814677634, -44.00888090651921, -49.58125933841738, -49.17169480978835, -49.28210979743617]",WiFi,True,0.019893210381269455,0.9770269989967346,0.003079805290326476,DVB-T,False,0.1155298237772513,0.4353628223761916,0.44910736435667786,3,5,0.020651130005717278,0.9700370311737061,0.009311843756586313
tr_reep_wifi_r03,20,700416,704512,0.700416,0.0036932107625782867,0.5633786753681962,0.013319499737831475,0.012573623098433018,3.0066866467115574,2.9351069570265054,0.03125,128,0.925675612703641,0.5004859385981065,37.03128159431594,0.0007177264345048368,"[-49.12378593697319, -48.97754175918507, -49.22175451274735, -48.923996521739156, -48.9819253173919, -49.333180218377976, -49.261600528692924, -46.32649357166642]",WiFi,True,0.0004264969611540437,0.9991268515586853,0.0004466694954317063,WiFi,True,0.0006595551403734135,0.9960543364286423,0.003286105197730649,8,5,0.0010760611388832332,0.9961967825889587,0.002727161324582994
tr_reep_wifi_r03,21,737280,741376,0.73728,0.0041560820478351995,0.6590951092003935,0.016790640156162176,0.016266360878944397,5.774766501775339,5.345631688178727,0.09375,384,0.9286133612900235,0.5060060259544171,64.43595854514744,-0.006246597378998339,"[-49.22635935972016, -46.233310049673655, -43.839488103321884, -49.18511979150061, -49.61425460509722, -48.42613807044546, -49.32624331211158, -49.17898276658208]",WiFi,True,0.006000768858939409,0.9922566413879395,0.001742598251439631,WiFi,True,0.01169559086974914,0.8905531149357557,0.09775128581031822,7,5,0.00570818311534822,0.9914222717285156,0.0028695290442556144
tr_reep_wifi_r03,22,770048,774144,0.770048,0.004177596913187845,0.6432834542012265,0.01636432111599424,0.01605273224413395,6.023029326101138,5.200125679169332,0.109375,448,0.9362799238161809,0.5225483521474033,30.620603534338198,0.00428541684176309,"[-49.39688757199435, -49.210355540385216, -48.98243654215294, -46.054553562118926, -43.6562160764955, -48.85634175566483, -49.27389621300471, -49.679245402596635]",WiFi,True,0.024072211235761642,0.9719864130020142,0.003941369708627462,WiFi,True,0.0007385705225715355,0.9833558425307274,0.015905605437183112,8,5,0.016090339794754983,0.976132607460022,0.007777077239006757
tr_reep_wifi_r03,23,802816,806912,0.802816,0.003726877307160784,0.5788944797230343,0.016629250798963928,0.016510508954524994,4.1595733310558245,3.173729607172021,0.03125,128,0.9292104979421872,0.5216712260449682,50.533577982834686,0.00031861407415134657,"[-49.43572248501796, -49.15265916273181, -49.053987181887486, -49.75086397516471, -49.49509379304193, -49.05485396819611, -48.76502025128091, -45.59129064410889]",WiFi,True,0.0015759781235828996,0.9940276145935059,0.004396376665681601,WiFi,True,0.0009258840948405123,0.7796171344816685,0.21945698060972063,6,5,0.006683202320709824,0.8473894834518433,0.14592730924487113
tr_reep_wifi_r03,24,839680,843776,0.83968,0.00410205635752693,0.638223703853083,0.015826895497409187,0.015717027708888054,5.400371766552318,5.103655160012458,0.09375,384,0.9333525602745428,0.5175283287785232,45.89504326126434,-0.004276151261093042,"[-49.49498830514932, -46.02747855441554, -44.094616538597, -49.19827169860946, -49.27024698055994, -49.38331375012244, -49.00781138162763, -49.385834170231455]",WiFi,True,0.0072069293819367886,0.9910938143730164,0.0016993122408166528,WiFi,True,0.12560499832852656,0.8636547234782483,0.01074027184768056,7,5,0.007209234219044447,0.9901186943054199,0.0026720786932855844
tr_reep_wifi_r03,25,872448,876544,0.872448,0.004217475773595614,0.6705942659065506,0.024004387940071568,0.02313302457332611,6.09773658073771,5.604310869341724,0.109375,448,0.9366272981067859,0.5195861458389973,26.685374064130077,-0.003862112055654801,"[-49.30655934814926, -49.57848886783921, -49.01385963191176, -45.92771658609927, -43.4807522871015, -49.085063156443226, -48.913013069862544, -49.43058124504083]",WiFi,True,0.027578070759773254,0.9689463973045349,0.0034755240194499493,WiFi,True,0.2288333680235155,0.6253849474014714,0.14578169720880396,5,5,0.01686522476375103,0.9784675598144531,0.004667213559150696
tr_reep_wifi_r03,26,905216,909312,0.905216,0.0037049945945739774,0.5838643203464511,0.016486348541853837,0.013458659872412682,3.6715230072839375,3.1848714859023985,0.03125,128,0.9314496982710867,0.5173202212909477,43.07408891488277,-0.0020801252461286474,"[-49.08934781078872, -48.94274431003932, -49.644689416673614, -49.1878723905883, -48.88258108366123, -49.404490002190904, -49.158037895292075, -45.97316640938968]",WiFi,True,0.0006527740624733269,0.9984739422798157,0.000873236742336303,WiFi,True,0.0011669035393424565,0.9258505254983902,0.0729825585931394,8,5,0.0037484356202185155,0.946607768535614,0.049643815867602824
tr_reep_wifi_r03,27,942080,946176,0.94208,0.004143354887361307,0.6393101879993515,0.016172963437072297,0.015564436092972755,5.769349482504914,5.437665890250543,0.09375,384,0.9319587572645935,0.5199528944680746,48.86574024208758,0.00037046759625350423,"[-49.28215601255506, -46.20252205200568, -43.79799936954272, -49.235665259793265, -49.56734885204764, -48.706263834898806, -49.15586283359397, -49.4793210808178]",WiFi,True,0.005857976619154215,0.9922544956207275,0.0018875589594244957,WiFi,True,0.11324321754773337,0.6937998703215271,0.19295691603383602,6,5,0.005280950665473938,0.9914327740669251,0.0032862879801541568
tr_reep_wifi_r03,28,974848,978944,0.974848,0.004214644530619007,0.6623159867400334,0.018134590733953744,0.01760917529463768,5.988012875725751,5.988012875725751,0.125,512,0.9376782025328171,0.520204989607991,23.232909856185053,-0.00014356874784138274,"[-49.02593913142438, -49.235609625196766, -49.382681837344045, -45.641436535347026, -43.58030862979903, -49.56832150552478, -49.27286432543419, -49.15735332362614]",WiFi,True,0.057313237339258194,0.9354420900344849,0.007244699168950319,WiFi,True,0.13282257132505038,0.6120193740462128,0.25515806524254003,5,5,0.03304917104542256,0.9388230085372925,0.02812781147658825
tr_reep_wifi_r03,29,1011712,1015808,1.011712,0.004057953270787613,0.6493925047220376,0.01878366033097157,0.01669362001121044,6.519364024166528,5.786405647473657,0.09375,384,0.9327037856614457,0.5078130181664285,40.732791949165225,-0.005711422867319349,"[-43.09587308483286, -48.88227873230652, -49.29959550490453, -49.08421211551058, -49.560056492656315, -49.15490349789809, -49.61523710899939, -49.37866072865921]",WiFi,True,0.003786718938499689,0.9944625496864319,0.001750728115439415,WiFi,True,0.003769807421576843,0.630514407879673,0.36571578250459424,5,5,0.004430389124900102,0.9916179537773132,0.0039516322314739226
tr_reep_wifi_r03,30,1044480,1048576,1.04448,0.004061769566499229,0.636147071485428,0.01880831328706385,0.01690725050866604,5.283188284641881,4.9172782599669915,0.09375,384,0.9285244775871127,0.51141548334516,55.54537565058287,0.0016259054138875045,"[-49.5150801287554, -46.359871462540355, -44.23189184411352, -49.14917010408051, -49.13942671020614, -49.115986648818726, -49.31239183393025, -49.35104056539753]",WiFi,True,0.0032721401657909155,0.9954223036766052,0.0013055193703621626,WiFi,True,0.0009159940073004691,0.8523296415805817,0.1467543494736674,7,5,0.0033491766545921562,0.9947210192680359,0.001929806312546134
tr_reep_wifi_r03,31,1077248,1081344,1.077248,0.004199727259715649,0.6371327775426129,0.018092530171227205,0.015472880564630032,5.670777513347687,5.501068350269378,0.125,512,0.9324645708870523,0.5210350564359789,41.364811226034405,0.00285345403027229,"[-49.324343444857405, -48.72590957573954, -49.179937632322215, -46.04032098348598, -43.65356593150972, -49.154634281779096, -49.31242554516292, -49.18539484754429]",WiFi,True,0.008461782708764076,0.9894921779632568,0.002045992761850357,WiFi,True,0.003328979286379763,0.9692207500338554,0.02745027525088517,8,5,0.007146684546023607,0.989741849899292,0.003111507324501872
tr_reep_wifi_r10,0,16384,20480,0.016384,0.004328590664590589,0.688693800121611,0.020099462693408225,0.01992858201265335,8.141427403076094,8.141427403076094,0.125,512,0.9407505903829498,0.5290688760561778,16.59811216656405,-0.004166976464725247,"[-49.1548482355722, -49.57194948430946, -49.563264601867616, -49.32722635090929, -49.20347117017748, -41.58295536443353, -49.724382767509624, -49.261867791875815]",WiFi,True,0.10457289218902588,0.8856177926063538,0.009809310548007488,DVB-T,False,0.0005527822960402773,0.3959270836530777,0.603520137691703,3,5,0.021337936446070672,0.9702420830726624,0.00841998104006052
tr_reep_wifi_r10,1,49152,53248,0.049152,0.003466152527642841,0.5273921665339313,0.01016431083340559,0.009765921160578728,0.8128627622946993,0.6403402200738455,0.0,0,0.920830727903748,0.4910052383161817,67.81108763483037,0.0002892489868437237,"[-49.17236796889176, -49.26712265874385, -49.488163921905546, -49.478221012628836, -49.32288714396315, -49.31564137968469, -48.67530115961085, -48.966018056803364]",WiFi,True,0.003749467898160219,0.9526974558830261,0.04355301335453987,WiFi,True,0.00031621135531167965,0.8766895949374884,0.1229941803753718,7,4,0.008402593620121478,0.5301124215126037,0.4614849746227264
tr_reep_wifi_r10,2,81920,86016,0.08192,0.0034624803625182754,0.5271231014461435,0.009212039281445818,0.00885036587715149,0.8262049816538379,0.6914837714737629,0.0,0,0.9252443738790126,0.5002323360301807,63.70623284934377,0.004400318100059253,"[-49.071350175190574, -49.33424549455509, -49.39492218289268, -48.703438411418915, -49.26133460519179, -49.25613799653143, -49.52964339307275, -49.19760046478038]",WiFi,True,0.007324099540710449,0.710231602191925,0.2824443280696869,WiFi,True,0.00030209577380446717,0.8735876391510828,0.1261102478929388,7,0,0.003819669736549258,0.06492366865277291,0.9312566518783569
tr_reep_wifi_r10,3,118784,122880,0.118784,0.004398433018639218,0.6845245199897957,0.019469680228222874,0.01843317598104477,8.0102303982138,7.719867539856999,0.125,512,0.9354405525927121,0.5251788352357282,44.8849727360067,-0.003317364458806482,"[-49.50518261283945, -48.81044518314443, -49.166738026910615, -49.211420093991116, -49.20634007375703, -41.49495221462565, -49.21481975448265, -49.414924711292734]",WiFi,True,0.027175284922122955,0.9680066108703613,0.0048180376179516315,WiFi,True,0.0003212056404890973,0.8728607093348728,0.12681810522235537,7,5,0.007029765285551548,0.9903675317764282,0.0026026885490864514
tr_reep_wifi_r10,4,151552,155648,0.151552,0.0034036541051053835,0.5357947796384995,0.012057898437832852,0.011719104833900928,0.8316363073383641,0.3554198834891622,0.0,0,0.9259711606844919,0.5068776626790865,66.46997376787661,-0.0010822425894719129,"[-49.38962717293126, -49.48362593091807, -49.1377564269031, -49.18958891713652, -48.98724862392598, -49.34266850741514, -49.59658652795211, -49.81888493126434]",WiFi,True,0.002426418010145426,0.9792687296867371,0.018304893746972084,WiFi,True,0.000306837614516553,0.7512828123290092,0.2484103637170847,6,2,0.007779098115861416,0.42474952936172483,0.5674714088439942
tr_reep_wifi_r10,5,188416,192512,0.188416,0.004356772615777512,0.6966401183992162,0.020969431545171145,0.020355841144919395,8.253856010062535,7.504543188009876,0.109375,448,0.9349655029557199,0.5180804452620018,46.83374558491729,-0.0036600518722884195,"[-49.20085325266349, -48.92858932074888, -49.156260284740114, -41.65171709673024, -48.68220204249174, -49.90557310679277, -49.39470638533139, -49.48282423398595]",WiFi,True,0.04119737818837166,0.9517092704772949,0.007093415595591068,WiFi,True,0.00123537296167342,0.7333740298636258,0.2653905943116115,6,5,0.010158344265073537,0.9851765275001526,0.004665116732940078
tr_reep_wifi_r10,6,221184,225280,0.221184,0.0044538326228609135,0.6939795086184326,0.01752360087102724,0.017273472622036934,8.220686138188285,8.220686138188285,0.125,512,0.9397420708152193,0.5344130840673,29.28956644566745,-0.0035448241700856697,"[-49.09907698694552, -49.31649172934761, -49.42395827231219, -49.280289403112185, -48.976252125226274, -41.25373447254276, -49.474420610731045, -48.99879495380594]",WiFi,True,0.1305404156446457,0.8585529327392578,0.010906701907515526,WiFi,True,0.0005879042826109071,0.8632489737756259,0.13616310579982382,7,5,0.019741636887192725,0.9755088090896606,0.00474955877289176
tr_reep_wifi_r10,7,253952,258048,0.253952,0.003511032344663072,0.5288912703082282,0.010714949738444841,0.010315253399312496,1.3671084143327974,1.049876227668662,0.0,0,0.9239111292779197,0.49219716467684327,46.65015290600825,0.0022485495156432667,"[-49.15312523569714, -49.11403803883601, -49.21821810965457, -48.98913738178238, -49.75678733155176, -48.80501070203465, -48.389678917218966, -49.43955514488763]",WiFi,True,0.0040801046416163445,0.9456900358200073,0.05022989958524704,WiFi,True,0.0008054314216678904,0.6357549432432279,0.3634396272923368,5,0,0.005967727256938815,0.2286895602941513,0.7653427302837372
tr_reep_wifi_r10,8,290816,294912,0.290816,0.004442252556057641,0.7212626734154408,0.02237455796253596,0.02233954332768917,8.241002130759156,8.076807106682466,0.109375,448,0.937566729964354,0.5310518242673069,46.85628923117849,-0.0033965365315848234,"[-49.53770293513, -48.73389823827023, -48.74524807547572, -41.29670080437084, -49.37350791105331, -49.38142713649928, -49.39193767716182, -49.49297804272749]",WiFi,True,0.1124105453491211,0.8788086175918579,0.008780852891504765,WiFi,True,0.0014951875837141415,0.956941269338131,0.04156352653808426,8,5,0.01572247426956892,0.9799292683601379,0.004348262818530202
tr_reep_wifi_r10,9,323584,327680,0.323584,0.004568782121002197,0.708446456657192,0.023875789199766392,0.021759692579507828,8.940920860066882,7.9454830023973955,0.125,512,0.9351611947459673,0.5200213908318585,29.280946043111296,-0.0020906433952901787,"[-48.967712017575884, -48.783708269586455, -49.86390310115331, -49.33091228637431, -48.868465243483826, -40.92298224108643, -48.78232512728129, -49.19946930061309]",WiFi,True,0.11852411925792694,0.8735020756721497,0.007973800413310528,WiFi,True,0.0007306678530767385,0.7102402546388475,0.28902907011251955,6,5,0.012678047083318234,0.9842451810836792,0.0030767743475735186
tr_reep_wifi_r10,10,356352,360448,0.356352,0.0034072848552286436,0.5161828743322472,0.010080626259203355,0.009918512776494026,0.6852791949996302,0.3763684388062174,0.0,0,0.9268296019499008,0.5004101454120524,61.7939829810613,0.001432624305306704,"[-49.07512327568977, -49.44218139336576, -49.642250713805026, -49.36121380016896, -48.984845361362744, -49.35634661239071, -49.670124556362374, -49.32940572328411]",WiFi,True,0.0010035081068053842,0.9971152544021606,0.00188122084364295,WiFi,True,0.0008891653264981869,0.975386880338192,0.023723966937268415,8,5,0.004931396571919322,0.9101128220558167,0.08495578728616238
tr_reep_wifi_r10,11,393216,397312,0.393216,0.0044452586961491155,0.724917286784945,0.022050710591323307,0.019714951515197754,8.134592193833036,7.923901732576617,0.109375,448,0.9398535713073859,0.533220083868059,16.382408588475165,-0.008241083822722081,"[-49.429745638000654, -49.03958080680921, -49.073273971874436, -41.29721156825113, -49.221113300827746, -49.431803762084165, -49.18219287048202, -49.131781679942506]",WiFi,True,0.060656990855932236,0.931591808795929,0.007751177065074444,WiFi,True,0.0043954216644124244,0.9728648066520691,0.022739780130905274,8,5,0.010895852837711573,0.9849478840827942,0.004156251810491085
tr_reep_wifi_r10,12,425984,430080,0.425984,0.00456358829637761,0.7159465567574034,0.022471649740895105,0.02246161736547947,8.735746974028508,8.412931306472146,0.125,512,0.9354124036985219,0.505137870029598,27.862648610314196,-0.00034875495805015977,"[-49.63446918111984, -49.27671439602367, -49.27176725212338, -48.6790046447819, -48.984299452588445, -40.89872220709133, -49.31165351356348, -48.90065555332864]",WiFi,True,0.2209499180316925,0.7685222625732422,0.010527811013162136,WiFi,True,0.0002769845013972372,0.7474933179719301,0.2522297080763565,6,5,0.03420816920697689,0.960414445400238,0.005377413053065538
tr_reep_wifi_r10,13,462848,466944,0.462848,0.004730588094914079,0.7453812835490848,0.022821983251576465,0.02246161736547947,8.692992341803539,8.565741895965843,0.140625,576,0.940927761432149,0.5285088999447214,19.836299936671747,-0.003350447273298557,"[-49.24591347210176, -40.68017157613592, -46.832933888275704, -49.37316391793946, -49.091750018549064, -49.023723836386246, -49.1751412688633, -49.065093370508905]",LTE,False,0.983555257320404,0.014229011721909046,0.002215792192146182,WiFi,True,0.00037430670909088803,0.8721972667472073,0.1274284198807436,7,5,0.22031548321247102,0.7597325444221497,0.019951996207237244
tr_reep_wifi_r10,14,495616,499712,0.495616,0.004491795215428004,0.7298897750739517,0.023022928115971106,0.022827839478850365,8.272439053186716,8.069295868842971,0.109375,448,0.9367111561525167,0.5268254860124427,49.53430750064706,-0.001962333847321876,"[-49.44807589774523, -49.143297047618795, -49.24493271340148, -41.17563684455851, -49.0790728322815, -49.296438594120545, -48.79043688131435, -49.080427893827704]",WiFi,True,0.049375638365745544,0.944506824016571,0.006117506418377161,WiFi,True,0.001092224625608651,0.7737362724728882,0.22517149896884803,6,5,0.010428080148994923,0.9864201307296753,0.003151778690516949
tr_reep_wifi_r10,15,528384,532480,0.528384,0.004528352019351191,0.7170469583988895,0.021095327523843625,0.020447395741939545,8.72386172400877,8.72386172400877,0.125,512,0.9374364519461492,0.5113757890827889,26.006760920855953,0.0007915841283343134,"[-49.031709219399566, -49.172085251264726, -49.469624191711794, -49.60410709976355, -49.04225851654073, -40.881877029623006, -49.605738753631776, -49.152101512643355]",LTE,False,0.5238065719604492,0.4646875560283661,0.011505912989377975,WiFi,True,0.0005540698525692278,0.7742447894588622,0.22520114461713092,6,5,0.04229696020483971,0.9494998574256897,0.008203164301812648
tr_reep_wifi_r10,16,565248,569344,0.565248,0.004636358951703062,0.7407523317632448,0.019630871366884857,0.01931821182370186,8.697462527297205,8.054973105384526,0.140625,576,0.9392040244586086,0.5275206615966107,24.42457373871581,-0.00023930462019415566,"[-48.95171329032831, -40.89674018494378, -47.12671844484218, -49.302901418875756, -49.179101789987136, -49.55045783092067, -49.594202712240985, -48.98876246655546]",LTE,False,0.5869524478912354,0.39896559715270996,0.014081908389925957,WiFi,True,0.00045919868477994896,0.8578845220229141,0.1416562791259821,7,5,0.029900906793773174,0.9631808757781982,0.006918230559676886
tr_reep_wifi_r10,17,598016,602112,0.598016,0.004386207433302235,0.7061027684596325,0.018943829822380732,0.01843317598104477,8.314758397625589,7.8567711133908915,0.109375,448,0.9368581859390218,0.5201506350341776,27.1571263990514,-0.007637316021639903,"[-49.03202660047198, -49.1232436013066, -49.2713771188981, -41.43297880938158, -49.28974992277247, -49.43326030705904, -49.323423243531, -49.74773720700717]",WiFi,True,0.06803888827562332,0.9237122535705566,0.00824884045869112,WiFi,True,0.0013521679156838218,0.874700915068388,0.12394690478868142,7,5,0.01076053436845541,0.9856981039047241,0.0035413539968430995
tr_reep_wifi_r10,18,630784,634880,0.630784,0.004610106193471106,0.7266621846254008,0.022741282018152936,0.019470805302262306,8.639903031842188,8.639903031842188,0.125,512,0.9320451937364717,0.5117264734356022,37.27038547493043,0.002366132421770542,"[-49.11058890396597, -49.01174047592971, -48.93014458130503, -49.29023899687007, -48.96874550990815, -40.757804211297035, -49.39770724313922, -49.04077597818159]",WiFi,True,0.09796924144029617,0.8937395215034485,0.008291208185255527,WiFi,True,0.0007035855237518263,0.7752738791532465,0.22402254084727247,6,5,0.009285938739776612,0.9882371068000794,0.0024769563227891923
tr_reep_wifi_r10,19,667648,671744,0.667648,0.004618687837678119,0.7479700359098392,0.021594012534594018,0.020630506798624992,8.676091166217127,8.676091166217127,0.140625,576,0.9377017608978776,0.5133121806893656,25.517067252136602,0.004339796624020259,"[-49.481691735500526, -40.8056005692834, -47.50864256865739, -49.297295976184145, -49.41666013719073, -49.0743890858824, -49.34444327246119, -49.44035931960038]",LTE,False,0.8176137804985046,0.1721835881471634,0.010202580131590366,WiFi,True,0.00011024162677131244,0.8747138686680955,0.1251758990597409,7,5,0.028370039910078047,0.9651281237602234,0.0065018277615308765
tr_reep_wifi_r10,20,700416,704512,0.700416,0.004433790380010796,0.7126728765525513,0.02055289105454598,0.02005065605044365,8.508004726907494,8.508004726907494,0.109375,448,0.9370704564147556,0.5223769094283797,50.82295332473924,-0.002469517519012754,"[-49.12656262808724, -49.399199156920446, -49.860172932258415, -41.35216820535092, -48.5796571068839, -49.244226345548405, -49.133311831543764, -49.206232149655236]",WiFi,True,0.3235180675983429,0.6676234006881714,0.008858535438776016,WiFi,True,0.0009333020839221717,0.7713532872730866,0.22771341174484405,6,5,0.022526351921260356,0.9696890592575074,0.00778459869325161
tr_reep_wifi_r10,21,737280,741376,0.73728,0.003516261290753362,0.5171143672120416,0.011284832372037663,0.01040680892765522,0.7570568422828572,0.7231157323432527,0.0,0,0.9237697389487394,0.4960025384884922,53.05160908010118,-0.0003089646646641381,"[-49.33974276837708, -49.221750548670244, -49.394683697058824, -48.814559192355276, -49.36074258711922, -48.63762685477597, -48.86070184427023, -49.06437678992102]",WiFi,True,0.002098461613059044,0.9875449538230896,0.010356510058045387,WiFi,True,0.0011207832176296506,0.6591442174976692,0.33973498459818074,5,2,0.006908342521637678,0.5012491434812546,0.4918425291776657
tr_reep_wifi_r10,22,770048,774144,0.770048,0.004600570968339443,0.7283852375770098,0.021340138065725746,0.021210359409451485,8.75129602038232,8.030131278758041,0.140625,576,0.9395104316292129,0.5239626056203983,18.50643720602181,-0.001928655136105989,"[-49.020167861425676, -40.990036582667635, -47.468653929916684, -48.965966404343064, -49.741332603049955, -49.11865644913429, -48.99066690173476, -49.54835906727862]",WiFi,True,0.34979045391082764,0.6365289688110352,0.013680552132427692,WiFi,True,0.0004298276589906891,0.7377001093154831,0.2618700486500529,6,5,0.04742726553231478,0.9442014455795288,0.008371288515627384
tr_reep_wifi_r10,23,802816,806912,0.802816,0.004421660812615031,0.7160603829053646,0.02023781709906466,0.018646804615855217,8.010625001029524,8.010625001029524,0.109375,448,0.935331194815484,0.5277165249928222,46.590051587296855,0.0018905014531626768,"[-48.97932073642537, -49.06223474333564, -49.4672503699099, -41.5098976314879, -49.52052263251743, -48.96378146706732, -48.80553752188576, -49.071768686204045]",WiFi,True,0.08531670272350311,0.9072434306144714,0.007439823821187019,WiFi,True,0.0013536587339331163,0.9696709290146828,0.028975401457728367,8,5,0.018236216716468336,0.9771328687667846,0.00463093132711947
tr_reep_wifi_r10,24,839680,843776,0.83968,0.0034592424763784596,0.5194161498108936,0.009880692428871863,0.009491254575550556,0.9620029308222158,0.9620029308222158,0.0,0,0.9191811498973226,0.4878313198971219,66.07592560247706,0.001779903422322704,"[-49.542265116845996, -49.72226273483273, -48.760259804010516, -49.11666023555295, -48.837240699618654, -48.984066856156375, -49.289760661480386, -49.61882125941442]",WiFi,True,0.000527487660292536,0.998826801776886,0.0006457528797909617,WiFi,True,0.0005003461221804173,0.954826146364212,0.04467350208597054,8,5,0.002222464722581208,0.984044325351715,0.013733200030401349
tr_reep_wifi_r10,25,872448,876544,0.872448,0.004613012840771682,0.7235289473495794,0.022591320661176858,0.022553173825144768,8.323685169844914,8.076444731312897,0.140625,576,0.9382361465575749,0.5297491311691351,25.476930471665757,-0.003868404355950511,"[-49.073446301541, -40.9970015702281, -47.462631334653736, -49.03352513570552, -49.320686740073015, -49.28102040664774, -49.144388765439786, -49.11042087898497]",WiFi,True,0.34997907280921936,0.6388586759567261,0.011162222363054752,WiFi,True,0.0005453213493638032,0.7729985802980082,0.22645609884557416,6,5,0.028577527031302452,0.9668125152587891,0.004609953705221414
tr_reep_wifi_r10,26,905216,909312,0.905216,0.0043089214305885165,0.7120568573282432,0.01908665812716539,0.017883842810988426,7.827652583225451,7.827652583225451,0.109375,448,0.9396642025483574,0.5270107521517834,17.20683252773565,-0.002631355537657476,"[-49.42221575071365, -49.38054613605232, -49.34693172632352, -41.73420264441586, -49.56185522764131, -49.449154399375644, -49.03602829567241, -49.215910459686924]",WiFi,True,0.09772216528654099,0.8918503522872925,0.010427501983940601,WiFi,True,0.0012938215331814718,0.5678397126030177,0.430866433904157,5,5,0.022097946889698506,0.9704856991767883,0.007416329998522997
tr_reep_wifi_r10,27,942080,946176,0.94208,0.0034319577296128266,0.5238255325266532,0.010493439524302565,0.01046784594655037,1.0706177026709156,0.8991718259922052,0.0,0,0.9277204114962972,0.5056365865576463,31.496839999740825,-0.0007947496794663139,"[-49.251963643842785, -49.2661377919205, -49.00791578881905, -49.264272020493834, -49.658726826759256, -48.75955500076705, -49.3660973709456, -49.83017270343797]",WiFi,True,0.0019081893842667341,0.9889918565750122,0.009099921211600304,WiFi,True,0.000702131094840297,0.8595220571442042,0.13977580320488414,7,2,0.007835933659225702,0.495316082239151,0.4968479752540588
tr_reep_wifi_r10,28,974848,978944,0.974848,0.004549225920758521,0.7137384074317007,0.0235115495827591,0.018768878653645515,8.152128436006642,7.564055005761453,0.140625,576,0.9326440373622087,0.5089537405124809,44.054954141909384,0.0074573511596470465,"[-48.884715141217036, -41.32066013545558, -46.90132945957883, -49.26647872773901, -49.472788571462225, -49.24454297771113, -49.43716017269945, -49.19698249475446]",WiFi,True,0.29250505566596985,0.6912118792533875,0.01628311164677143,WiFi,True,0.0005158408907846024,0.742086029771599,0.25739815550559797,6,5,0.013408474624156952,0.9814894556999206,0.005102108186110854
tr_reep_wifi_r10,29,1011712,1015808,1.011712,0.0033963669593333272,0.5248036460542627,0.008966936558685537,0.008819847367703915,0.5165707551341967,0.29215123254257946,0.0,0,0.9322554651493883,0.5072983735756708,21.92922606005034,0.003558569724930391,"[-49.3643853974013, -49.2088388772683, -49.33004621671, -49.4197660887232, -49.19774297871389, -49.40099920717529, -49.42216250130551, -49.71431373384809]",WiFi,True,0.0052182539366185665,0.899963915348053,0.09481784701347351,WiFi,True,0.0010071570377476746,0.9238637313246727,0.07512910719015053,8,0,0.002582924603484571,0.039772205799818036,0.9576448440551758
tr_reep_wifi_r10,30,1044480,1048576,1.04448,0.003512472814152021,0.5171713106127735,0.009237230088099369,0.00885036587715149,0.7274227080170803,0.49410480220522146,0.0,0,0.9230416427400978,0.48619904696513505,55.03226390387629,0.00332430955900008,"[-49.39720454939522, -49.34861095359955, -49.33062852924646, -49.053276246662804, -49.16388664358336, -48.66978184137814, -49.046057175391276, -48.75263632234122]",WiFi,True,0.0012331060133874416,0.9946677684783936,0.00409918325021863,WiFi,True,0.0006181576482049422,0.7653406010940671,0.23404124389480785,6,5,0.007266668789088726,0.7476836919784546,0.2450496405363083
tr_reep_wifi_r10,31,1077248,1081344,1.077248,0.004585701491099975,0.707418634394909,0.021681672634027382,0.021332433447241783,8.148661641092552,7.913935902373275,0.140625,576,0.9348418262557127,0.5251621823588531,76.44071621906706,0.000898372104461781,"[-49.113116237591036, -41.19918033521776, -47.611405962633135, -48.762538382432425, -49.26678769798801, -48.75198724712733, -48.970910484044595, -49.34784197631031]",WiFi,True,0.14682240784168243,0.8433125019073486,0.009865091182291508,WiFi,True,0.0006163052626106946,0.8452717917011796,0.1541119199273453,7,5,0.017266496643424036,0.9790612936019898,0.003672199882566929
