window_size,windows_per_region,fold,test_location,condition,snr_db,trials,window_accuracy_percent,window_seed_std_percent,region_accuracy_percent,region_seed_std_percent,window_accuracy_LTE_percent,window_accuracy_WiFi_percent,window_accuracy_DVB-T_percent,region_accuracy_LTE_percent,region_accuracy_WiFi_percent,region_accuracy_DVB-T_percent
512,8,fold1,reep,clean,,1,92.40885416666667,0.0,99.58333333333333,0.0,95.6640625,81.9921875,99.5703125,99.375,99.375,100.0
512,8,fold1,reep,10 dB,10.0,5,89.86197916666667,0.17558341490664323,98.52083333333334,0.15309310892394554,94.6875,75.1015625,99.796875,99.3125,96.25,100.0
512,8,fold1,reep,7.5 dB,7.5,5,87.90885416666667,0.16441348039234227,96.75,0.12147816447594345,93.9453125,69.9609375,99.8203125,99.25,91.0,100.0
512,8,fold1,reep,5 dB,5.0,5,84.296875,0.27349949693991593,92.10416666666666,0.33850160019316716,92.4609375,60.53125,99.8984375,98.875,77.4375,100.0
512,8,fold2,rabot,clean,,1,96.23697916666667,0.0,99.79166666666667,0.0,99.765625,90.78125,98.1640625,100.0,99.375,100.0
512,8,fold2,rabot,10 dB,10.0,5,95.41406249999999,0.07150796988409527,99.72916666666667,0.051031036307985195,99.6796875,87.5703125,98.9921875,100.0,99.1875,100.0
512,8,fold2,rabot,7.5 dB,7.5,5,94.32291666666667,0.08152331167968287,99.64583333333333,0.051031036307985195,99.5703125,84.125,99.2734375,100.0,98.9375,100.0
512,8,fold2,rabot,5 dB,5.0,5,91.78125,0.218873972806779,99.0,0.25173012444988213,99.3125,76.53125,99.5,100.0,97.0,100.0
512,8,fold3,merelbeke,clean,,1,94.58333333333333,0.0,99.375,0.0,98.28125,99.53125,85.9375,98.4375,100.0,99.6875
512,8,fold3,merelbeke,10 dB,10.0,5,95.17968750000001,0.14320549046737133,99.31249999999999,0.051031036307985195,97.890625,98.9609375,88.6875,98.0625,100.0,99.875
512,8,fold3,merelbeke,7.5 dB,7.5,5,95.2890625,0.06608634135650952,99.29166666666666,0.041666666666668566,97.28125,98.46875,90.1171875,98.0,100.0,99.875
512,8,fold3,merelbeke,5 dB,5.0,5,95.34635416666666,0.13965716331033132,99.29166666666666,0.041666666666668566,96.3515625,97.6171875,92.0703125,97.9375,100.0,99.9375
512,8,fold4,gentbrugge,clean,,1,95.24739583333334,0.0,99.89583333333333,0.0,99.8828125,85.859375,100.0,100.0,99.6875,100.0
512,8,fold4,gentbrugge,10 dB,10.0,5,94.03385416666666,0.13365236896204927,99.87499999999999,0.041666666666662876,99.8671875,82.2734375,99.9609375,100.0,99.625,100.0
512,8,fold4,gentbrugge,7.5 dB,7.5,5,92.99739583333333,0.10132852322054184,99.6875,0.09316949906249547,99.8203125,79.2109375,99.9609375,100.0,99.0625,100.0
512,8,fold4,gentbrugge,5 dB,5.0,5,90.80208333333333,0.11721643161382461,98.97916666666667,0.153093108923949,99.6484375,72.7890625,99.96875,100.0,96.9375,100.0
4096,1,fold1,reep,clean,,1,97.70833333333333,0.0,97.70833333333333,0.0,100.0,93.125,100.0,100.0,93.125,100.0
4096,1,fold1,reep,10 dB,10.0,5,96.54166666666667,0.31868871959955075,96.54166666666667,0.31868871959955075,100.0,89.625,100.0,100.0,89.625,100.0
4096,1,fold1,reep,7.5 dB,7.5,5,95.52083333333333,0.42184284856909227,95.52083333333333,0.42184284856909227,100.0,86.5625,100.0,100.0,86.5625,100.0
4096,1,fold1,reep,5 dB,5.0,5,91.625,0.45452967144315104,91.625,0.45452967144315104,99.875,75.0,100.0,99.875,75.0,100.0
4096,1,fold2,rabot,clean,,1,99.375,0.0,99.375,0.0,100.0,99.6875,98.4375,100.0,99.6875,98.4375
4096,1,fold2,rabot,10 dB,10.0,5,99.72916666666667,0.051031036307985195,99.72916666666667,0.051031036307985195,100.0,99.6875,99.5,100.0,99.6875,99.5
4096,1,fold2,rabot,7.5 dB,7.5,5,99.77083333333334,0.041666666666668566,99.77083333333334,0.041666666666668566,100.0,99.6875,99.625,100.0,99.6875,99.625
4096,1,fold2,rabot,5 dB,5.0,5,99.77083333333334,0.041666666666668566,99.77083333333334,0.041666666666668566,100.0,99.625,99.6875,100.0,99.625,99.6875
4096,1,fold3,merelbeke,clean,,1,98.75,0.0,98.75,0.0,97.8125,100.0,98.4375,97.8125,100.0,98.4375
4096,1,fold3,merelbeke,10 dB,10.0,5,99.0625,0.06588078458683974,99.0625,0.06588078458683974,97.8125,100.0,99.375,97.8125,100.0,99.375
4096,1,fold3,merelbeke,7.5 dB,7.5,5,99.10416666666667,0.051031036307985195,99.10416666666667,0.051031036307985195,97.5,100.0,99.8125,97.5,100.0,99.8125
4096,1,fold3,merelbeke,5 dB,5.0,5,99.14583333333334,0.041666666666668566,99.14583333333334,0.041666666666668566,97.4375,100.0,100.0,97.4375,100.0,100.0
4096,1,fold4,gentbrugge,clean,,1,100.0,0.0,100.0,0.0,100.0,100.0,100.0,100.0,100.0,100.0
4096,1,fold4,gentbrugge,10 dB,10.0,5,100.0,0.0,100.0,0.0,100.0,100.0,100.0,100.0,100.0,100.0
4096,1,fold4,gentbrugge,7.5 dB,7.5,5,99.97916666666666,0.041666666666668566,99.97916666666666,0.041666666666668566,100.0,99.9375,100.0,100.0,99.9375,100.0
4096,1,fold4,gentbrugge,5 dB,5.0,5,99.89583333333333,0.0,99.89583333333333,0.0,100.0,99.6875,100.0,100.0,99.6875,100.0
